[WI-0][TI-0] - [WARN] 2026-06-08 22:40:19.226 +0800 o.s.b.a.s.s.UserDetailsServiceAutoConfiguration:[89] - 

Using generated security password: b843739e-cc6d-406e-9c33-5cf0b25b673b

This generated password is for development use only. Your security configuration must be updated before running your application in production.

[WI-0][TI-0] - [ERROR] 2026-06-08 22:40:22.632 +0800 c.g.d.c.t.ThreadUtils:[80] - Current thread sleep error
java.lang.InterruptedException: sleep interrupted
	at java.lang.Thread.sleep(Native Method)
	at com.gyyun.ds.common.thread.ThreadUtils.sleep(ThreadUtils.java:77)
	at com.gyyun.ds.server.master.engine.TaskGroupCoordinator.doStart(TaskGroupCoordinator.java:106)
	at java.lang.Thread.run(Thread.java:750)
[WI-0][TI-0] - [WARN] 2026-06-08 22:40:22.635 +0800 c.g.d.s.m.e.TaskGroupCoordinator:[387] - The task: null is no need to release TaskGroupSlot
[WI-0][TI-0] - [WARN] 2026-06-08 22:40:22.653 +0800 c.g.d.s.m.e.TaskGroupCoordinator:[331] - The current TaskGroup: 1 does not exist, will not acquire TaskGroupSlot
[WI-0][TI-1538] - [WARN] 2026-06-08 22:40:23.097 +0800 c.g.d.s.m.e.t.d.WorkerGroupDispatcher:[137] - Dispatch Task: 1538 failed will retry after: 1000/ms
com.gyyun.ds.server.master.exception.dispatch.TaskDispatchException: Generic dispatch error
	at com.gyyun.ds.server.master.engine.task.dispatcher.WorkerGroupDispatcherTest.lambda$dispatchTask_GenericTaskDispatchException_TimeoutEnabledButNotExceeded_ShouldNotPublishAnyFailureEvent$16(WorkerGroupDispatcherTest.java:360)
	at org.mockito.internal.stubbing.StubbedInvocationMatcher.answer(StubbedInvocationMatcher.java:42)
	at org.mockito.internal.handler.MockHandlerImpl.handle(MockHandlerImpl.java:103)
	at org.mockito.internal.handler.NullResultGuardian.handle(NullResultGuardian.java:29)
	at org.mockito.internal.handler.InvocationNotifierHandler.handle(InvocationNotifierHandler.java:34)
	at org.mockito.internal.creation.bytebuddy.MockMethodInterceptor.doIntercept(MockMethodInterceptor.java:82)
	at org.mockito.internal.creation.bytebuddy.MockMethodInterceptor.doIntercept(MockMethodInterceptor.java:56)
	at org.mockito.internal.creation.bytebuddy.MockMethodInterceptor$DispatcherDefaultingToRealMethod.interceptAbstract(MockMethodInterceptor.java:161)
	at com.gyyun.ds.server.master.engine.task.client.ITaskExecutorClient$MockitoMock$2052438279.dispatch(Unknown Source)
	at com.gyyun.ds.server.master.engine.task.dispatcher.WorkerGroupDispatcher.doDispatchTask(WorkerGroupDispatcher.java:120)
	at com.gyyun.ds.server.master.engine.task.dispatcher.WorkerGroupDispatcher.run(WorkerGroupDispatcher.java:103)
[WI-0][TI-0] - [WARN] 2026-06-08 22:40:23.109 +0800 c.g.d.s.m.e.t.d.WorkerGroupDispatcher:[137] - Dispatch Task: 0 failed will retry after: 1000/ms
java.lang.RuntimeException: null
	at com.gyyun.ds.server.master.engine.task.dispatcher.WorkerGroupDispatcher.doDispatchTask(WorkerGroupDispatcher.java:120)
	at com.gyyun.ds.server.master.engine.task.dispatcher.WorkerGroupDispatcher.run(WorkerGroupDispatcher.java:103)
[WI-0][TI-0] - [WARN] 2026-06-08 22:40:24.113 +0800 c.g.d.s.m.e.t.d.WorkerGroupDispatcher:[137] - Dispatch Task: 0 failed will retry after: 2000/ms
java.lang.RuntimeException: null
	at com.gyyun.ds.server.master.engine.task.dispatcher.WorkerGroupDispatcher.doDispatchTask(WorkerGroupDispatcher.java:120)
	at com.gyyun.ds.server.master.engine.task.dispatcher.WorkerGroupDispatcher.run(WorkerGroupDispatcher.java:103)
[WI-0][TI-7744] - [ERROR] 2026-06-08 22:40:29.272 +0800 c.g.d.s.m.e.t.d.WorkerGroupDispatcher:[149] - Task: null dispatch timeout after 508ms (limit: 200ms)
com.gyyun.ds.server.master.exception.dispatch.NoAvailableWorkerException: Cannot find available worker under worker group: no worker
	at com.gyyun.ds.server.master.engine.task.dispatcher.WorkerGroupDispatcher.doDispatchTask(WorkerGroupDispatcher.java:120)
	at com.gyyun.ds.server.master.engine.task.dispatcher.WorkerGroupDispatcher.run(WorkerGroupDispatcher.java:103)
[WI-0][TI-7719] - [ERROR] 2026-06-08 22:40:29.376 +0800 c.g.d.s.m.e.t.d.WorkerGroupDispatcher:[149] - Task: null dispatch timeout after 502ms (limit: 200ms)
com.gyyun.ds.server.master.exception.dispatch.WorkerGroupNotFoundException: Cannot find worker group: worker group not found
	at com.gyyun.ds.server.master.engine.task.dispatcher.WorkerGroupDispatcher.doDispatchTask(WorkerGroupDispatcher.java:120)
	at com.gyyun.ds.server.master.engine.task.dispatcher.WorkerGroupDispatcher.run(WorkerGroupDispatcher.java:103)
[WI-0][TI-1336] - [WARN] 2026-06-08 22:40:29.486 +0800 c.g.d.s.m.e.t.d.WorkerGroupDispatcher:[137] - Dispatch Task: 1336 failed will retry after: 1000/ms
com.gyyun.ds.server.master.exception.dispatch.NoAvailableWorkerException: Cannot find available worker under worker group: no worker
	at com.gyyun.ds.server.master.engine.task.dispatcher.WorkerGroupDispatcherTest.lambda$dispatchTask_NoAvailableWorker_TimeoutEnabledButNotExceeded_ShouldNotPublishAnyFailureEvent$12(WorkerGroupDispatcherTest.java:291)
	at org.mockito.internal.stubbing.StubbedInvocationMatcher.answer(StubbedInvocationMatcher.java:42)
	at org.mockito.internal.handler.MockHandlerImpl.handle(MockHandlerImpl.java:103)
	at org.mockito.internal.handler.NullResultGuardian.handle(NullResultGuardian.java:29)
	at org.mockito.internal.handler.InvocationNotifierHandler.handle(InvocationNotifierHandler.java:34)
	at org.mockito.internal.creation.bytebuddy.MockMethodInterceptor.doIntercept(MockMethodInterceptor.java:82)
	at org.mockito.internal.creation.bytebuddy.MockMethodInterceptor.doIntercept(MockMethodInterceptor.java:56)
	at org.mockito.internal.creation.bytebuddy.MockMethodInterceptor$DispatcherDefaultingToRealMethod.interceptAbstract(MockMethodInterceptor.java:161)
	at com.gyyun.ds.server.master.engine.task.client.ITaskExecutorClient$MockitoMock$2052438279.dispatch(Unknown Source)
	at com.gyyun.ds.server.master.engine.task.dispatcher.WorkerGroupDispatcher.doDispatchTask(WorkerGroupDispatcher.java:120)
	at com.gyyun.ds.server.master.engine.task.dispatcher.WorkerGroupDispatcher.run(WorkerGroupDispatcher.java:103)
[WI-0][TI-1961] - [WARN] 2026-06-08 22:40:29.490 +0800 c.g.d.s.m.e.t.d.WorkerGroupDispatcher:[137] - Dispatch Task: 1961 failed will retry after: 1000/ms
com.gyyun.ds.server.master.exception.dispatch.WorkerGroupNotFoundException: Cannot find worker group: no worker group
	at com.gyyun.ds.server.master.engine.task.dispatcher.WorkerGroupDispatcher.doDispatchTask(WorkerGroupDispatcher.java:120)
	at com.gyyun.ds.server.master.engine.task.dispatcher.WorkerGroupDispatcher.run(WorkerGroupDispatcher.java:103)
[WI-0][TI-1961] - [WARN] 2026-06-08 22:40:30.496 +0800 c.g.d.s.m.e.t.d.WorkerGroupDispatcher:[137] - Dispatch Task: 1961 failed will retry after: 1000/ms
com.gyyun.ds.server.master.exception.dispatch.WorkerGroupNotFoundException: Cannot find worker group: no worker group
	at com.gyyun.ds.server.master.engine.task.dispatcher.WorkerGroupDispatcher.doDispatchTask(WorkerGroupDispatcher.java:120)
	at com.gyyun.ds.server.master.engine.task.dispatcher.WorkerGroupDispatcher.run(WorkerGroupDispatcher.java:103)
[WI-0][TI-3284] - [WARN] 2026-06-08 22:40:32.634 +0800 c.g.d.s.m.e.t.d.WorkerGroupDispatcher:[137] - Dispatch Task: 3284 failed will retry after: 1000/ms
com.gyyun.ds.server.master.exception.dispatch.WorkerGroupNotFoundException: Cannot find worker group: Worker group 'TestGroup' does not exist
	at com.gyyun.ds.server.master.engine.task.dispatcher.WorkerGroupDispatcherTest.lambda$dispatchTask_WorkerGroupNotFound_TimeoutEnabledButNotExceeded_ShouldNotPublishAnyFailureEvent$8(WorkerGroupDispatcherTest.java:222)
	at org.mockito.internal.stubbing.StubbedInvocationMatcher.answer(StubbedInvocationMatcher.java:42)
	at org.mockito.internal.handler.MockHandlerImpl.handle(MockHandlerImpl.java:103)
	at org.mockito.internal.handler.NullResultGuardian.handle(NullResultGuardian.java:29)
	at org.mockito.internal.handler.InvocationNotifierHandler.handle(InvocationNotifierHandler.java:34)
	at org.mockito.internal.creation.bytebuddy.MockMethodInterceptor.doIntercept(MockMethodInterceptor.java:82)
	at org.mockito.internal.creation.bytebuddy.MockMethodInterceptor.doIntercept(MockMethodInterceptor.java:56)
	at org.mockito.internal.creation.bytebuddy.MockMethodInterceptor$DispatcherDefaultingToRealMethod.interceptAbstract(MockMethodInterceptor.java:161)
	at com.gyyun.ds.server.master.engine.task.client.ITaskExecutorClient$MockitoMock$2052438279.dispatch(Unknown Source)
	at com.gyyun.ds.server.master.engine.task.dispatcher.WorkerGroupDispatcher.doDispatchTask(WorkerGroupDispatcher.java:120)
	at com.gyyun.ds.server.master.engine.task.dispatcher.WorkerGroupDispatcher.run(WorkerGroupDispatcher.java:103)
[WI-0][TI-5272] - [WARN] 2026-06-08 22:40:32.637 +0800 c.g.d.s.m.e.t.d.WorkerGroupDispatcher:[137] - Dispatch Task: 5272 failed will retry after: 1000/ms
com.gyyun.ds.server.master.exception.dispatch.TaskDispatchException: generic dispatch error
	at com.gyyun.ds.server.master.engine.task.dispatcher.WorkerGroupDispatcher.doDispatchTask(WorkerGroupDispatcher.java:120)
	at com.gyyun.ds.server.master.engine.task.dispatcher.WorkerGroupDispatcher.run(WorkerGroupDispatcher.java:103)
[WI-0][TI-5272] - [WARN] 2026-06-08 22:40:33.643 +0800 c.g.d.s.m.e.t.d.WorkerGroupDispatcher:[137] - Dispatch Task: 5272 failed will retry after: 1000/ms
com.gyyun.ds.server.master.exception.dispatch.TaskDispatchException: generic dispatch error
	at com.gyyun.ds.server.master.engine.task.dispatcher.WorkerGroupDispatcher.doDispatchTask(WorkerGroupDispatcher.java:120)
	at com.gyyun.ds.server.master.engine.task.dispatcher.WorkerGroupDispatcher.run(WorkerGroupDispatcher.java:103)
[WI-0][TI-1277] - [WARN] 2026-06-08 22:40:33.684 +0800 c.g.d.s.m.e.t.d.WorkerGroupDispatcher:[137] - Dispatch Task: 1277 failed will retry after: 1000/ms
com.gyyun.ds.server.master.exception.dispatch.NoAvailableWorkerException: Cannot find available worker under worker group: no worker
	at com.gyyun.ds.server.master.engine.task.dispatcher.WorkerGroupDispatcher.doDispatchTask(WorkerGroupDispatcher.java:120)
	at com.gyyun.ds.server.master.engine.task.dispatcher.WorkerGroupDispatcher.run(WorkerGroupDispatcher.java:103)
[WI-0][TI-1277] - [WARN] 2026-06-08 22:40:34.690 +0800 c.g.d.s.m.e.t.d.WorkerGroupDispatcher:[137] - Dispatch Task: 1277 failed will retry after: 1000/ms
com.gyyun.ds.server.master.exception.dispatch.NoAvailableWorkerException: Cannot find available worker under worker group: no worker
	at com.gyyun.ds.server.master.engine.task.dispatcher.WorkerGroupDispatcher.doDispatchTask(WorkerGroupDispatcher.java:120)
	at com.gyyun.ds.server.master.engine.task.dispatcher.WorkerGroupDispatcher.run(WorkerGroupDispatcher.java:103)
[WI-0][TI-9705] - [ERROR] 2026-06-08 22:40:34.732 +0800 c.g.d.s.m.e.t.d.WorkerGroupDispatcher:[149] - Task: null dispatch timeout after 504ms (limit: 200ms)
com.gyyun.ds.server.master.exception.dispatch.TaskDispatchException: generic dispatch error
	at com.gyyun.ds.server.master.engine.task.dispatcher.WorkerGroupDispatcher.doDispatchTask(WorkerGroupDispatcher.java:120)
	at com.gyyun.ds.server.master.engine.task.dispatcher.WorkerGroupDispatcher.run(WorkerGroupDispatcher.java:103)
[WI-0][TI-0] - [WARN] 2026-06-08 22:40:46.810 +0800 c.g.d.p.t.a.TaskPluginManager:[44] - The task plugin has already been loaded
[WI-0][TI-0] - [WARN] 2026-06-08 22:40:46.812 +0800 c.g.d.p.t.a.TaskPluginManager:[44] - The task plugin has already been loaded
[WI-0][TI-0] - [WARN] 2026-06-08 22:40:56.462 +0800 c.g.d.c.m.BaseHeartBeatTask:[78] - MasterHeartBeatTask finished...
[WI-0][TI-0] - [WARN] 2026-06-08 22:40:56.472 +0800 c.g.d.c.m.BaseHeartBeatTask:[78] - MasterHeartBeatTask finished...
[WI-0][TI-0] - [ERROR] 2026-06-08 22:40:56.479 +0800 c.g.d.c.t.ThreadUtils:[80] - Current thread sleep error
java.lang.InterruptedException: sleep interrupted
	at java.lang.Thread.sleep(Native Method)
	at com.gyyun.ds.common.thread.ThreadUtils.sleep(ThreadUtils.java:77)
	at com.gyyun.ds.server.master.engine.TaskGroupCoordinator.doStart(TaskGroupCoordinator.java:106)
	at java.lang.Thread.run(Thread.java:750)
[WI-0][TI-0] - [WARN] 2026-06-08 22:40:56.482 +0800 c.g.d.s.m.e.t.d.WorkerGroupDispatcher:[187] - The WorkerGroupDispatcher: WorkerGroupTaskDispatcher-default doesn't started
[WI-0][TI-0] - [WARN] 2026-06-08 22:40:56.484 +0800 c.g.d.s.m.e.t.d.WorkerGroupDispatcher:[187] - The WorkerGroupDispatcher: WorkerGroupTaskDispatcher-default doesn't started
[WI-0][TI-0] - [WARN] 2026-06-08 22:40:56.484 +0800 o.s.b.f.s.DisposableBeanAdapter:[253] - Invocation of close method failed on bean with name 'workflowEngine': org.springframework.beans.factory.BeanCreationNotAllowedException: Error creating bean with name 'workflowEventBusFireWorkers': Singleton bean creation not allowed while singletons of this factory are in destruction (Do not request a bean from a BeanFactory in a destroy method implementation!)
[WI-0][TI-0] - [WARN] 2026-06-08 22:40:56.485 +0800 o.s.b.f.s.DisposableBeanAdapter:[253] - Invocation of close method failed on bean with name 'workflowEventBusCoordinator': org.springframework.beans.factory.BeanCreationNotAllowedException: Error creating bean with name 'workflowEventBusFireWorkers': Singleton bean creation not allowed while singletons of this factory are in destruction (Do not request a bean from a BeanFactory in a destroy method implementation!)
[WI-0][TI-0] - [WARN] 2026-06-08 22:40:56.496 +0800 c.g.d.s.m.e.t.d.WorkerGroupDispatcher:[187] - The WorkerGroupDispatcher: WorkerGroupTaskDispatcher-default doesn't started
[WI-0][TI-0] - [WARN] 2026-06-08 22:40:56.496 +0800 c.g.d.c.m.BaseHeartBeatTask:[78] - MasterHeartBeatTask finished...
[WI-0][TI-0] - [WARN] 2026-06-08 22:40:56.497 +0800 c.g.d.c.m.BaseHeartBeatTask:[78] - MasterHeartBeatTask finished...
[WI-0][TI-0] - [WARN] 2026-06-08 22:40:56.498 +0800 c.g.d.s.m.e.TaskGroupCoordinator:[453] - TaskGroupCoordinator is already closed
[WI-0][TI-0] - [WARN] 2026-06-08 22:40:56.499 +0800 c.g.d.s.m.e.TaskGroupCoordinator:[453] - TaskGroupCoordinator is already closed
[WI-0][TI-0] - [WARN] 2026-06-08 22:40:58.950 +0800 c.g.d.p.t.a.TaskPluginManager:[44] - The task plugin has already been loaded
[WI-0][TI-0] - [WARN] 2026-06-08 22:41:06.395 +0800 c.g.d.c.m.BaseHeartBeatTask:[78] - MasterHeartBeatTask finished...
[WI-0][TI-0] - [WARN] 2026-06-08 22:41:06.399 +0800 c.g.d.c.m.BaseHeartBeatTask:[78] - MasterHeartBeatTask finished...
[WI-0][TI-0] - [ERROR] 2026-06-08 22:41:06.404 +0800 c.g.d.c.t.ThreadUtils:[80] - Current thread sleep error
java.lang.InterruptedException: sleep interrupted
	at java.lang.Thread.sleep(Native Method)
	at com.gyyun.ds.common.thread.ThreadUtils.sleep(ThreadUtils.java:77)
	at com.gyyun.ds.server.master.engine.TaskGroupCoordinator.doStart(TaskGroupCoordinator.java:106)
	at java.lang.Thread.run(Thread.java:750)
[WI-0][TI-0] - [WARN] 2026-06-08 22:41:06.408 +0800 c.g.d.s.m.e.t.d.WorkerGroupDispatcher:[187] - The WorkerGroupDispatcher: WorkerGroupTaskDispatcher-default doesn't started
[WI-0][TI-0] - [WARN] 2026-06-08 22:41:06.409 +0800 c.g.d.s.m.e.t.d.WorkerGroupDispatcher:[187] - The WorkerGroupDispatcher: WorkerGroupTaskDispatcher-default doesn't started
[WI-0][TI-0] - [WARN] 2026-06-08 22:41:06.409 +0800 o.s.b.f.s.DisposableBeanAdapter:[253] - Invocation of close method failed on bean with name 'workflowEngine': org.springframework.beans.factory.BeanCreationNotAllowedException: Error creating bean with name 'workflowEventBusFireWorkers': Singleton bean creation not allowed while singletons of this factory are in destruction (Do not request a bean from a BeanFactory in a destroy method implementation!)
[WI-0][TI-0] - [WARN] 2026-06-08 22:41:06.411 +0800 o.s.b.f.s.DisposableBeanAdapter:[253] - Invocation of close method failed on bean with name 'workflowEventBusCoordinator': org.springframework.beans.factory.BeanCreationNotAllowedException: Error creating bean with name 'workflowEventBusFireWorkers': Singleton bean creation not allowed while singletons of this factory are in destruction (Do not request a bean from a BeanFactory in a destroy method implementation!)
[WI-0][TI-0] - [WARN] 2026-06-08 22:41:06.412 +0800 c.g.d.s.m.e.t.d.WorkerGroupDispatcher:[187] - The WorkerGroupDispatcher: WorkerGroupTaskDispatcher-default doesn't started
[WI-0][TI-0] - [WARN] 2026-06-08 22:41:06.412 +0800 c.g.d.c.m.BaseHeartBeatTask:[78] - MasterHeartBeatTask finished...
[WI-0][TI-0] - [WARN] 2026-06-08 22:41:06.413 +0800 c.g.d.c.m.BaseHeartBeatTask:[78] - MasterHeartBeatTask finished...
[WI-0][TI-0] - [WARN] 2026-06-08 22:41:06.414 +0800 c.g.d.s.m.e.TaskGroupCoordinator:[453] - TaskGroupCoordinator is already closed
[WI-0][TI-0] - [WARN] 2026-06-08 22:41:06.415 +0800 c.g.d.s.m.e.TaskGroupCoordinator:[453] - TaskGroupCoordinator is already closed
[WI-0][TI-0] - [WARN] 2026-06-08 22:41:08.860 +0800 c.g.d.p.t.a.TaskPluginManager:[44] - The task plugin has already been loaded
[WI-0][TI-0] - [WARN] 2026-06-08 22:41:09.495 +0800 c.g.d.c.m.BaseHeartBeatTask:[78] - MasterHeartBeatTask finished...
[WI-0][TI-0] - [WARN] 2026-06-08 22:41:09.499 +0800 c.g.d.c.m.BaseHeartBeatTask:[78] - MasterHeartBeatTask finished...
[WI-0][TI-0] - [ERROR] 2026-06-08 22:41:09.500 +0800 c.g.d.c.t.ThreadUtils:[80] - Current thread sleep error
java.lang.InterruptedException: sleep interrupted
	at java.lang.Thread.sleep(Native Method)
	at com.gyyun.ds.common.thread.ThreadUtils.sleep(ThreadUtils.java:77)
	at com.gyyun.ds.server.master.engine.TaskGroupCoordinator.doStart(TaskGroupCoordinator.java:106)
	at java.lang.Thread.run(Thread.java:750)
[WI-0][TI-0] - [WARN] 2026-06-08 22:41:09.504 +0800 c.g.d.s.m.e.t.d.WorkerGroupDispatcher:[187] - The WorkerGroupDispatcher: WorkerGroupTaskDispatcher-default doesn't started
[WI-0][TI-0] - [WARN] 2026-06-08 22:41:09.506 +0800 c.g.d.s.m.e.t.d.WorkerGroupDispatcher:[187] - The WorkerGroupDispatcher: WorkerGroupTaskDispatcher-default doesn't started
[WI-0][TI-0] - [WARN] 2026-06-08 22:41:09.507 +0800 o.s.b.f.s.DisposableBeanAdapter:[253] - Invocation of close method failed on bean with name 'workflowEngine': org.springframework.beans.factory.BeanCreationNotAllowedException: Error creating bean with name 'workflowEventBusFireWorkers': Singleton bean creation not allowed while singletons of this factory are in destruction (Do not request a bean from a BeanFactory in a destroy method implementation!)
[WI-0][TI-0] - [WARN] 2026-06-08 22:41:09.507 +0800 o.s.b.f.s.DisposableBeanAdapter:[253] - Invocation of close method failed on bean with name 'workflowEventBusCoordinator': org.springframework.beans.factory.BeanCreationNotAllowedException: Error creating bean with name 'workflowEventBusFireWorkers': Singleton bean creation not allowed while singletons of this factory are in destruction (Do not request a bean from a BeanFactory in a destroy method implementation!)
[WI-0][TI-0] - [WARN] 2026-06-08 22:41:09.508 +0800 c.g.d.s.m.e.t.d.WorkerGroupDispatcher:[187] - The WorkerGroupDispatcher: WorkerGroupTaskDispatcher-default doesn't started
[WI-0][TI-0] - [WARN] 2026-06-08 22:41:09.508 +0800 c.g.d.c.m.BaseHeartBeatTask:[78] - MasterHeartBeatTask finished...
[WI-0][TI-0] - [WARN] 2026-06-08 22:41:09.509 +0800 c.g.d.c.m.BaseHeartBeatTask:[78] - MasterHeartBeatTask finished...
[WI-0][TI-0] - [WARN] 2026-06-08 22:41:09.509 +0800 c.g.d.s.m.e.TaskGroupCoordinator:[453] - TaskGroupCoordinator is already closed
[WI-0][TI-0] - [WARN] 2026-06-08 22:41:09.510 +0800 c.g.d.s.m.e.TaskGroupCoordinator:[453] - TaskGroupCoordinator is already closed
[WI-0][TI-0] - [WARN] 2026-06-08 22:41:12.302 +0800 c.g.d.p.t.a.TaskPluginManager:[44] - The task plugin has already been loaded
[WI-1][TI-0] - [WARN] 2026-06-08 22:41:14.632 +0800 c.g.d.s.m.e.c.CommandEngine:[204] - Failed bootstrap command {
  "id" : 1,
  "commandType" : "START_PROCESS",
  "workflowDefinitionCode" : 1,
  "workflowDefinitionVersion" : 1,
  "workflowInstanceId" : 1,
  "commandParam" : "{\"commandType\":\"START_PROCESS\",\"subWorkflowInstance\":false,\"startNodes\":null,\"commandParams\":null,\"timeZone\":\"Asia/Shanghai\"}",
  "workflowInstancePriority" : "MEDIUM",
  "executorId" : 0,
  "taskDependType" : "TASK_POST",
  "failureStrategy" : "CONTINUE",
  "warningType" : "NONE",
  "warningGroupId" : null,
  "scheduleTime" : null,
  "startTime" : null,
  "updateTime" : "2026-06-08 22:41:14",
  "workerGroup" : null,
  "tenantCode" : "default",
  "environmentCode" : -1,
  "dryRun" : 0
} 
java.util.concurrent.CompletionException: java.lang.IllegalArgumentException: Duplicate task name: A in the workflow
	at java.util.concurrent.CompletableFuture.encodeThrowable(CompletableFuture.java:273)
	at java.util.concurrent.CompletableFuture.completeThrowable(CompletableFuture.java:280)
	at java.util.concurrent.CompletableFuture.uniApply(CompletableFuture.java:618)
	at java.util.concurrent.CompletableFuture$UniApply.tryFire(CompletableFuture.java:591)
	at java.util.concurrent.CompletableFuture.postComplete(CompletableFuture.java:488)
	at java.util.concurrent.CompletableFuture$AsyncSupply.run(CompletableFuture.java:1609)
	at java.util.concurrent.ThreadPoolExecutor.runWorker(ThreadPoolExecutor.java:1149)
	at java.util.concurrent.ThreadPoolExecutor$Worker.run(ThreadPoolExecutor.java:624)
	at java.lang.Thread.run(Thread.java:750)
Caused by: java.lang.IllegalArgumentException: Duplicate task name: A in the workflow
	at com.gyyun.ds.server.master.engine.graph.WorkflowGraph.<init>(WorkflowGraph.java:53)
	at com.gyyun.ds.server.master.engine.graph.WorkflowGraphFactory.createWorkflowGraph(WorkflowGraphFactory.java:54)
	at com.gyyun.ds.server.master.engine.command.handler.AbstractCommandHandler.assembleWorkflowGraph(AbstractCommandHandler.java:122)
	at com.gyyun.ds.server.master.engine.command.handler.AbstractCommandHandler.handleCommand(AbstractCommandHandler.java:79)
	at com.gyyun.ds.server.master.engine.workflow.execution.WorkflowExecutionFactory.doCreateWorkflowExecution(WorkflowExecutionFactory.java:67)
	at com.gyyun.ds.server.master.engine.workflow.execution.WorkflowExecutionFactory.createWorkflowExecuteRunnable(WorkflowExecutionFactory.java:52)
	at com.gyyun.ds.server.master.engine.workflow.execution.WorkflowExecutionFactory$$FastClassBySpringCGLIB$$d9d0eaef.invoke(<generated>)
	at org.springframework.cglib.proxy.MethodProxy.invoke(MethodProxy.java:218)
	at org.springframework.aop.framework.CglibAopProxy$CglibMethodInvocation.invokeJoinpoint(CglibAopProxy.java:793)
	at org.springframework.aop.framework.ReflectiveMethodInvocation.proceed(ReflectiveMethodInvocation.java:163)
	at org.springframework.aop.framework.CglibAopProxy$CglibMethodInvocation.proceed(CglibAopProxy.java:763)
	at org.springframework.transaction.interceptor.TransactionInterceptor$1.proceedWithInvocation(TransactionInterceptor.java:123)
	at org.springframework.transaction.interceptor.TransactionAspectSupport.invokeWithinTransaction(TransactionAspectSupport.java:388)
	at org.springframework.transaction.interceptor.TransactionInterceptor.invoke(TransactionInterceptor.java:119)
	at org.springframework.aop.framework.ReflectiveMethodInvocation.proceed(ReflectiveMethodInvocation.java:186)
	at org.springframework.aop.framework.CglibAopProxy$CglibMethodInvocation.proceed(CglibAopProxy.java:763)
	at org.springframework.aop.framework.CglibAopProxy$DynamicAdvisedInterceptor.intercept(CglibAopProxy.java:708)
	at com.gyyun.ds.server.master.engine.workflow.execution.WorkflowExecutionFactory$$EnhancerBySpringCGLIB$$7b3faf90.createWorkflowExecuteRunnable(<generated>)
	at com.gyyun.ds.server.master.engine.command.CommandEngine.bootstrapCommand(CommandEngine.java:167)
	at java.util.concurrent.CompletableFuture.uniApply(CompletableFuture.java:616)
	... 6 common frames omitted
[WI-0][TI-0] - [WARN] 2026-06-08 22:41:15.706 +0800 c.g.d.c.m.BaseHeartBeatTask:[78] - MasterHeartBeatTask finished...
[WI-0][TI-0] - [WARN] 2026-06-08 22:41:15.709 +0800 c.g.d.c.m.BaseHeartBeatTask:[78] - MasterHeartBeatTask finished...
[WI-0][TI-0] - [ERROR] 2026-06-08 22:41:15.714 +0800 c.g.d.c.t.ThreadUtils:[80] - Current thread sleep error
java.lang.InterruptedException: sleep interrupted
	at java.lang.Thread.sleep(Native Method)
	at com.gyyun.ds.common.thread.ThreadUtils.sleep(ThreadUtils.java:77)
	at com.gyyun.ds.server.master.engine.TaskGroupCoordinator.doStart(TaskGroupCoordinator.java:106)
	at java.lang.Thread.run(Thread.java:750)
[WI-0][TI-0] - [WARN] 2026-06-08 22:41:15.723 +0800 c.g.d.s.m.e.t.d.WorkerGroupDispatcher:[187] - The WorkerGroupDispatcher: WorkerGroupTaskDispatcher-default doesn't started
[WI-0][TI-0] - [WARN] 2026-06-08 22:41:15.725 +0800 c.g.d.s.m.e.t.d.WorkerGroupDispatcher:[187] - The WorkerGroupDispatcher: WorkerGroupTaskDispatcher-default doesn't started
[WI-0][TI-0] - [WARN] 2026-06-08 22:41:15.726 +0800 o.s.b.f.s.DisposableBeanAdapter:[253] - Invocation of close method failed on bean with name 'workflowEngine': org.springframework.beans.factory.BeanCreationNotAllowedException: Error creating bean with name 'workflowEventBusFireWorkers': Singleton bean creation not allowed while singletons of this factory are in destruction (Do not request a bean from a BeanFactory in a destroy method implementation!)
[WI-0][TI-0] - [WARN] 2026-06-08 22:41:15.726 +0800 o.s.b.f.s.DisposableBeanAdapter:[253] - Invocation of close method failed on bean with name 'workflowEventBusCoordinator': org.springframework.beans.factory.BeanCreationNotAllowedException: Error creating bean with name 'workflowEventBusFireWorkers': Singleton bean creation not allowed while singletons of this factory are in destruction (Do not request a bean from a BeanFactory in a destroy method implementation!)
[WI-0][TI-0] - [WARN] 2026-06-08 22:41:15.727 +0800 c.g.d.s.m.e.t.d.WorkerGroupDispatcher:[187] - The WorkerGroupDispatcher: WorkerGroupTaskDispatcher-default doesn't started
[WI-0][TI-0] - [WARN] 2026-06-08 22:41:15.728 +0800 c.g.d.c.m.BaseHeartBeatTask:[78] - MasterHeartBeatTask finished...
[WI-0][TI-0] - [WARN] 2026-06-08 22:41:15.728 +0800 c.g.d.c.m.BaseHeartBeatTask:[78] - MasterHeartBeatTask finished...
[WI-0][TI-0] - [WARN] 2026-06-08 22:41:15.729 +0800 c.g.d.s.m.e.TaskGroupCoordinator:[453] - TaskGroupCoordinator is already closed
[WI-0][TI-0] - [WARN] 2026-06-08 22:41:15.729 +0800 c.g.d.s.m.e.TaskGroupCoordinator:[453] - TaskGroupCoordinator is already closed
[WI-0][TI-0] - [WARN] 2026-06-08 22:41:17.840 +0800 c.g.d.c.m.BaseHeartBeatTask:[78] - MasterHeartBeatTask finished...
[WI-0][TI-0] - [WARN] 2026-06-08 22:41:17.843 +0800 c.g.d.c.m.BaseHeartBeatTask:[78] - MasterHeartBeatTask finished...
[WI-0][TI-0] - [ERROR] 2026-06-08 22:41:17.844 +0800 c.g.d.c.t.ThreadUtils:[80] - Current thread sleep error
java.lang.InterruptedException: sleep interrupted
	at java.lang.Thread.sleep(Native Method)
	at com.gyyun.ds.common.thread.ThreadUtils.sleep(ThreadUtils.java:77)
	at com.gyyun.ds.server.master.engine.TaskGroupCoordinator.doStart(TaskGroupCoordinator.java:106)
	at java.lang.Thread.run(Thread.java:750)
[WI-0][TI-0] - [WARN] 2026-06-08 22:41:17.847 +0800 o.s.b.f.s.DisposableBeanAdapter:[253] - Invocation of close method failed on bean with name 'workflowEngine': org.springframework.beans.factory.BeanCreationNotAllowedException: Error creating bean with name 'workflowEventBusFireWorkers': Singleton bean creation not allowed while singletons of this factory are in destruction (Do not request a bean from a BeanFactory in a destroy method implementation!)
[WI-0][TI-0] - [WARN] 2026-06-08 22:41:17.848 +0800 o.s.b.f.s.DisposableBeanAdapter:[253] - Invocation of close method failed on bean with name 'workflowEventBusCoordinator': org.springframework.beans.factory.BeanCreationNotAllowedException: Error creating bean with name 'workflowEventBusFireWorkers': Singleton bean creation not allowed while singletons of this factory are in destruction (Do not request a bean from a BeanFactory in a destroy method implementation!)
[WI-0][TI-0] - [WARN] 2026-06-08 22:41:17.849 +0800 c.g.d.c.m.BaseHeartBeatTask:[78] - MasterHeartBeatTask finished...
[WI-0][TI-0] - [WARN] 2026-06-08 22:41:17.849 +0800 c.g.d.c.m.BaseHeartBeatTask:[78] - MasterHeartBeatTask finished...
[WI-0][TI-0] - [WARN] 2026-06-08 22:41:17.850 +0800 c.g.d.s.m.e.TaskGroupCoordinator:[453] - TaskGroupCoordinator is already closed
[WI-0][TI-0] - [WARN] 2026-06-08 22:41:17.850 +0800 c.g.d.s.m.e.TaskGroupCoordinator:[453] - TaskGroupCoordinator is already closed
[WI-0][TI-0] - [WARN] 2026-06-08 22:41:18.203 +0800 c.g.d.p.t.a.TaskPluginManager:[44] - The task plugin has already been loaded
[WI-0][TI-0] - [WARN] 2026-06-08 22:41:20.936 +0800 c.g.d.p.t.a.TaskPluginManager:[44] - The task plugin has already been loaded
[WI-0][TI-0] - [WARN] 2026-06-08 22:41:25.488 +0800 c.g.d.c.m.BaseHeartBeatTask:[78] - MasterHeartBeatTask finished...
[WI-0][TI-0] - [WARN] 2026-06-08 22:41:25.491 +0800 c.g.d.c.m.BaseHeartBeatTask:[78] - MasterHeartBeatTask finished...
[WI-0][TI-0] - [ERROR] 2026-06-08 22:41:25.492 +0800 c.g.d.c.t.ThreadUtils:[80] - Current thread sleep error
java.lang.InterruptedException: sleep interrupted
	at java.lang.Thread.sleep(Native Method)
	at com.gyyun.ds.common.thread.ThreadUtils.sleep(ThreadUtils.java:77)
	at com.gyyun.ds.server.master.engine.TaskGroupCoordinator.doStart(TaskGroupCoordinator.java:106)
	at java.lang.Thread.run(Thread.java:750)
[WI-0][TI-0] - [WARN] 2026-06-08 22:41:25.496 +0800 c.g.d.s.m.e.t.d.WorkerGroupDispatcher:[187] - The WorkerGroupDispatcher: WorkerGroupTaskDispatcher-default doesn't started
[WI-0][TI-0] - [WARN] 2026-06-08 22:41:25.497 +0800 c.g.d.s.m.e.t.d.WorkerGroupDispatcher:[187] - The WorkerGroupDispatcher: WorkerGroupTaskDispatcher-default doesn't started
[WI-0][TI-0] - [WARN] 2026-06-08 22:41:25.498 +0800 o.s.b.f.s.DisposableBeanAdapter:[253] - Invocation of close method failed on bean with name 'workflowEngine': org.springframework.beans.factory.BeanCreationNotAllowedException: Error creating bean with name 'workflowEventBusFireWorkers': Singleton bean creation not allowed while singletons of this factory are in destruction (Do not request a bean from a BeanFactory in a destroy method implementation!)
[WI-0][TI-0] - [WARN] 2026-06-08 22:41:25.499 +0800 o.s.b.f.s.DisposableBeanAdapter:[253] - Invocation of close method failed on bean with name 'workflowEventBusCoordinator': org.springframework.beans.factory.BeanCreationNotAllowedException: Error creating bean with name 'workflowEventBusFireWorkers': Singleton bean creation not allowed while singletons of this factory are in destruction (Do not request a bean from a BeanFactory in a destroy method implementation!)
[WI-0][TI-0] - [WARN] 2026-06-08 22:41:25.499 +0800 c.g.d.s.m.e.t.d.WorkerGroupDispatcher:[187] - The WorkerGroupDispatcher: WorkerGroupTaskDispatcher-default doesn't started
[WI-0][TI-0] - [WARN] 2026-06-08 22:41:25.499 +0800 c.g.d.c.m.BaseHeartBeatTask:[78] - MasterHeartBeatTask finished...
[WI-0][TI-0] - [WARN] 2026-06-08 22:41:25.499 +0800 c.g.d.c.m.BaseHeartBeatTask:[78] - MasterHeartBeatTask finished...
[WI-0][TI-0] - [WARN] 2026-06-08 22:41:25.500 +0800 c.g.d.s.m.e.TaskGroupCoordinator:[453] - TaskGroupCoordinator is already closed
[WI-0][TI-0] - [WARN] 2026-06-08 22:41:25.500 +0800 c.g.d.s.m.e.TaskGroupCoordinator:[453] - TaskGroupCoordinator is already closed
[WI-0][TI-0] - [WARN] 2026-06-08 22:41:26.679 +0800 c.g.d.c.m.BaseHeartBeatTask:[78] - MasterHeartBeatTask finished...
[WI-0][TI-0] - [WARN] 2026-06-08 22:41:26.680 +0800 c.g.d.c.m.BaseHeartBeatTask:[78] - MasterHeartBeatTask finished...
[WI-0][TI-0] - [ERROR] 2026-06-08 22:41:26.682 +0800 c.g.d.c.t.ThreadUtils:[80] - Current thread sleep error
java.lang.InterruptedException: sleep interrupted
	at java.lang.Thread.sleep(Native Method)
	at com.gyyun.ds.common.thread.ThreadUtils.sleep(ThreadUtils.java:77)
	at com.gyyun.ds.server.master.engine.TaskGroupCoordinator.doStart(TaskGroupCoordinator.java:106)
	at java.lang.Thread.run(Thread.java:750)
[WI-0][TI-0] - [WARN] 2026-06-08 22:41:26.685 +0800 c.g.d.s.m.e.t.d.WorkerGroupDispatcher:[187] - The WorkerGroupDispatcher: WorkerGroupTaskDispatcher-default doesn't started
[WI-0][TI-0] - [WARN] 2026-06-08 22:41:26.686 +0800 c.g.d.s.m.e.t.d.WorkerGroupDispatcher:[187] - The WorkerGroupDispatcher: WorkerGroupTaskDispatcher-default doesn't started
[WI-0][TI-0] - [WARN] 2026-06-08 22:41:26.687 +0800 o.s.b.f.s.DisposableBeanAdapter:[253] - Invocation of close method failed on bean with name 'workflowEngine': org.springframework.beans.factory.BeanCreationNotAllowedException: Error creating bean with name 'workflowEventBusFireWorkers': Singleton bean creation not allowed while singletons of this factory are in destruction (Do not request a bean from a BeanFactory in a destroy method implementation!)
[WI-0][TI-0] - [WARN] 2026-06-08 22:41:26.687 +0800 o.s.b.f.s.DisposableBeanAdapter:[253] - Invocation of close method failed on bean with name 'workflowEventBusCoordinator': org.springframework.beans.factory.BeanCreationNotAllowedException: Error creating bean with name 'workflowEventBusFireWorkers': Singleton bean creation not allowed while singletons of this factory are in destruction (Do not request a bean from a BeanFactory in a destroy method implementation!)
[WI-0][TI-0] - [WARN] 2026-06-08 22:41:26.688 +0800 c.g.d.s.m.e.t.d.WorkerGroupDispatcher:[187] - The WorkerGroupDispatcher: WorkerGroupTaskDispatcher-default doesn't started
[WI-0][TI-0] - [WARN] 2026-06-08 22:41:26.688 +0800 c.g.d.c.m.BaseHeartBeatTask:[78] - MasterHeartBeatTask finished...
[WI-0][TI-0] - [WARN] 2026-06-08 22:41:26.689 +0800 c.g.d.c.m.BaseHeartBeatTask:[78] - MasterHeartBeatTask finished...
[WI-0][TI-0] - [WARN] 2026-06-08 22:41:26.690 +0800 c.g.d.s.m.e.TaskGroupCoordinator:[453] - TaskGroupCoordinator is already closed
[WI-0][TI-0] - [WARN] 2026-06-08 22:41:26.690 +0800 c.g.d.s.m.e.TaskGroupCoordinator:[453] - TaskGroupCoordinator is already closed
[WI-0][TI-0] - [WARN] 2026-06-08 22:41:28.133 +0800 c.g.d.p.t.a.TaskPluginManager:[44] - The task plugin has already been loaded
[WI-0][TI-0] - [WARN] 2026-06-08 22:41:29.528 +0800 c.g.d.p.t.a.TaskPluginManager:[44] - The task plugin has already been loaded
[WI-1][TI-0] - [ERROR] 2026-06-08 22:41:32.008 +0800 c.g.d.s.m.e.t.s.TaskSubmittedStateAction:[121] - Failed to initialize task execution context, taskName: A
java.lang.IllegalArgumentException: Cannot find the environment: 144873539254368
	at com.gyyun.ds.server.master.runner.TaskExecutionContextFactory.getEnvironmentConfigFromDB(TaskExecutionContextFactory.java:190)
	at com.gyyun.ds.server.master.runner.TaskExecutionContextFactory.createTaskExecutionContext(TaskExecutionContextFactory.java:96)
	at com.gyyun.ds.server.master.engine.task.execution.TaskExecution.initializeTaskExecutionContext(TaskExecution.java:153)
	at com.gyyun.ds.server.master.engine.task.statemachine.TaskSubmittedStateAction.onDispatchEvent(TaskSubmittedStateAction.java:116)
	at com.gyyun.ds.server.master.engine.task.lifecycle.handler.TaskDispatchLifecycleEventHandler.handle(TaskDispatchLifecycleEventHandler.java:40)
	at com.gyyun.ds.server.master.engine.task.lifecycle.handler.TaskDispatchLifecycleEventHandler.handle(TaskDispatchLifecycleEventHandler.java:31)
	at com.gyyun.ds.server.master.engine.task.lifecycle.handler.AbstractTaskLifecycleEventHandler.handle(AbstractTaskLifecycleEventHandler.java:46)
	at com.gyyun.ds.server.master.engine.task.lifecycle.handler.AbstractTaskLifecycleEventHandler.handle(AbstractTaskLifecycleEventHandler.java:32)
	at com.gyyun.ds.server.master.engine.WorkflowEventBusFireWorker.doFireSingleEvent(WorkflowEventBusFireWorker.java:158)
	at com.gyyun.ds.server.master.engine.WorkflowEventBusFireWorker.doFireSingleWorkflowEventBus(WorkflowEventBusFireWorker.java:125)
	at com.gyyun.ds.server.master.engine.WorkflowEventBusFireWorker.fireAllRegisteredEvent(WorkflowEventBusFireWorker.java:89)
	at java.util.concurrent.Executors$RunnableAdapter.call(Executors.java:511)
	at java.util.concurrent.FutureTask.runAndReset(FutureTask.java:308)
	at java.util.concurrent.ScheduledThreadPoolExecutor$ScheduledFutureTask.access$301(ScheduledThreadPoolExecutor.java:180)
	at java.util.concurrent.ScheduledThreadPoolExecutor$ScheduledFutureTask.run(ScheduledThreadPoolExecutor.java:294)
	at java.util.concurrent.ThreadPoolExecutor.runWorker(ThreadPoolExecutor.java:1149)
	at java.util.concurrent.ThreadPoolExecutor$Worker.run(ThreadPoolExecutor.java:624)
	at java.lang.Thread.run(Thread.java:750)
[WI-1][TI-0] - [ERROR] 2026-06-08 22:41:32.010 +0800 c.g.d.s.m.e.WorkflowEventBusFireWorker:[91] - Fire event failed for WorkflowExecuteRunnable: workflow_with_one_fake_task_fatal-20260608224131486
com.gyyun.ds.server.master.engine.exceptions.WorkflowEventFireException: Failed to fire event: TaskDispatchLifecycleEvent{task=A}
	at com.gyyun.ds.server.master.engine.WorkflowEventBusFireWorker.doFireSingleWorkflowEventBus(WorkflowEventBusFireWorker.java:147)
	at com.gyyun.ds.server.master.engine.WorkflowEventBusFireWorker.fireAllRegisteredEvent(WorkflowEventBusFireWorker.java:89)
	at java.util.concurrent.Executors$RunnableAdapter.call(Executors.java:511)
	at java.util.concurrent.FutureTask.runAndReset(FutureTask.java:308)
	at java.util.concurrent.ScheduledThreadPoolExecutor$ScheduledFutureTask.access$301(ScheduledThreadPoolExecutor.java:180)
	at java.util.concurrent.ScheduledThreadPoolExecutor$ScheduledFutureTask.run(ScheduledThreadPoolExecutor.java:294)
	at java.util.concurrent.ThreadPoolExecutor.runWorker(ThreadPoolExecutor.java:1149)
	at java.util.concurrent.ThreadPoolExecutor$Worker.run(ThreadPoolExecutor.java:624)
	at java.lang.Thread.run(Thread.java:750)
Caused by: com.gyyun.ds.server.master.exception.TaskExecutionContextCreateException: Cannot find the environment: 144873539254368
	at com.gyyun.ds.server.master.engine.task.statemachine.TaskSubmittedStateAction.onDispatchEvent(TaskSubmittedStateAction.java:122)
	at com.gyyun.ds.server.master.engine.task.lifecycle.handler.TaskDispatchLifecycleEventHandler.handle(TaskDispatchLifecycleEventHandler.java:40)
	at com.gyyun.ds.server.master.engine.task.lifecycle.handler.TaskDispatchLifecycleEventHandler.handle(TaskDispatchLifecycleEventHandler.java:31)
	at com.gyyun.ds.server.master.engine.task.lifecycle.handler.AbstractTaskLifecycleEventHandler.handle(AbstractTaskLifecycleEventHandler.java:46)
	at com.gyyun.ds.server.master.engine.task.lifecycle.handler.AbstractTaskLifecycleEventHandler.handle(AbstractTaskLifecycleEventHandler.java:32)
	at com.gyyun.ds.server.master.engine.WorkflowEventBusFireWorker.doFireSingleEvent(WorkflowEventBusFireWorker.java:158)
	at com.gyyun.ds.server.master.engine.WorkflowEventBusFireWorker.doFireSingleWorkflowEventBus(WorkflowEventBusFireWorker.java:125)
	... 8 common frames omitted
[WI-0][TI-0] - [WARN] 2026-06-08 22:41:35.237 +0800 c.g.d.c.m.BaseHeartBeatTask:[78] - MasterHeartBeatTask finished...
[WI-0][TI-0] - [WARN] 2026-06-08 22:41:35.240 +0800 c.g.d.c.m.BaseHeartBeatTask:[78] - MasterHeartBeatTask finished...
[WI-0][TI-0] - [ERROR] 2026-06-08 22:41:35.242 +0800 c.g.d.c.t.ThreadUtils:[80] - Current thread sleep error
java.lang.InterruptedException: sleep interrupted
	at java.lang.Thread.sleep(Native Method)
	at com.gyyun.ds.common.thread.ThreadUtils.sleep(ThreadUtils.java:77)
	at com.gyyun.ds.server.master.engine.TaskGroupCoordinator.doStart(TaskGroupCoordinator.java:106)
	at java.lang.Thread.run(Thread.java:750)
[WI-0][TI-0] - [WARN] 2026-06-08 22:41:35.253 +0800 o.s.b.f.s.DisposableBeanAdapter:[253] - Invocation of close method failed on bean with name 'workflowEngine': org.springframework.beans.factory.BeanCreationNotAllowedException: Error creating bean with name 'workflowEventBusFireWorkers': Singleton bean creation not allowed while singletons of this factory are in destruction (Do not request a bean from a BeanFactory in a destroy method implementation!)
[WI-0][TI-0] - [WARN] 2026-06-08 22:41:35.254 +0800 o.s.b.f.s.DisposableBeanAdapter:[253] - Invocation of close method failed on bean with name 'workflowEventBusCoordinator': org.springframework.beans.factory.BeanCreationNotAllowedException: Error creating bean with name 'workflowEventBusFireWorkers': Singleton bean creation not allowed while singletons of this factory are in destruction (Do not request a bean from a BeanFactory in a destroy method implementation!)
[WI-0][TI-0] - [WARN] 2026-06-08 22:41:35.254 +0800 c.g.d.c.m.BaseHeartBeatTask:[78] - MasterHeartBeatTask finished...
[WI-0][TI-0] - [WARN] 2026-06-08 22:41:35.255 +0800 c.g.d.c.m.BaseHeartBeatTask:[78] - MasterHeartBeatTask finished...
[WI-0][TI-0] - [WARN] 2026-06-08 22:41:35.255 +0800 c.g.d.s.m.e.TaskGroupCoordinator:[453] - TaskGroupCoordinator is already closed
[WI-0][TI-0] - [WARN] 2026-06-08 22:41:35.255 +0800 c.g.d.s.m.e.TaskGroupCoordinator:[453] - TaskGroupCoordinator is already closed
[WI-0][TI-0] - [WARN] 2026-06-08 22:41:37.443 +0800 c.g.d.p.t.a.TaskPluginManager:[44] - The task plugin has already been loaded
[WI-0][TI-0] - [WARN] 2026-06-08 22:41:48.105 +0800 c.g.d.c.m.BaseHeartBeatTask:[78] - MasterHeartBeatTask finished...
[WI-0][TI-0] - [WARN] 2026-06-08 22:41:48.109 +0800 c.g.d.c.m.BaseHeartBeatTask:[78] - MasterHeartBeatTask finished...
[WI-0][TI-0] - [ERROR] 2026-06-08 22:41:48.112 +0800 c.g.d.c.t.ThreadUtils:[80] - Current thread sleep error
java.lang.InterruptedException: sleep interrupted
	at java.lang.Thread.sleep(Native Method)
	at com.gyyun.ds.common.thread.ThreadUtils.sleep(ThreadUtils.java:77)
	at com.gyyun.ds.server.master.engine.TaskGroupCoordinator.doStart(TaskGroupCoordinator.java:106)
	at java.lang.Thread.run(Thread.java:750)
[WI-0][TI-0] - [WARN] 2026-06-08 22:41:48.121 +0800 c.g.d.s.m.e.t.d.WorkerGroupDispatcher:[187] - The WorkerGroupDispatcher: WorkerGroupTaskDispatcher-default doesn't started
[WI-0][TI-0] - [WARN] 2026-06-08 22:41:48.122 +0800 c.g.d.s.m.e.t.d.WorkerGroupDispatcher:[187] - The WorkerGroupDispatcher: WorkerGroupTaskDispatcher-default doesn't started
[WI-0][TI-0] - [WARN] 2026-06-08 22:41:48.123 +0800 o.s.b.f.s.DisposableBeanAdapter:[253] - Invocation of close method failed on bean with name 'workflowEngine': org.springframework.beans.factory.BeanCreationNotAllowedException: Error creating bean with name 'workflowEventBusFireWorkers': Singleton bean creation not allowed while singletons of this factory are in destruction (Do not request a bean from a BeanFactory in a destroy method implementation!)
[WI-0][TI-0] - [WARN] 2026-06-08 22:41:48.123 +0800 o.s.b.f.s.DisposableBeanAdapter:[253] - Invocation of close method failed on bean with name 'workflowEventBusCoordinator': org.springframework.beans.factory.BeanCreationNotAllowedException: Error creating bean with name 'workflowEventBusFireWorkers': Singleton bean creation not allowed while singletons of this factory are in destruction (Do not request a bean from a BeanFactory in a destroy method implementation!)
[WI-0][TI-0] - [WARN] 2026-06-08 22:41:48.123 +0800 c.g.d.s.m.e.t.d.WorkerGroupDispatcher:[187] - The WorkerGroupDispatcher: WorkerGroupTaskDispatcher-default doesn't started
[WI-0][TI-0] - [WARN] 2026-06-08 22:41:48.124 +0800 c.g.d.c.m.BaseHeartBeatTask:[78] - MasterHeartBeatTask finished...
[WI-0][TI-0] - [WARN] 2026-06-08 22:41:48.124 +0800 c.g.d.c.m.BaseHeartBeatTask:[78] - MasterHeartBeatTask finished...
[WI-0][TI-0] - [WARN] 2026-06-08 22:41:48.125 +0800 c.g.d.s.m.e.TaskGroupCoordinator:[453] - TaskGroupCoordinator is already closed
[WI-0][TI-0] - [WARN] 2026-06-08 22:41:48.125 +0800 c.g.d.s.m.e.TaskGroupCoordinator:[453] - TaskGroupCoordinator is already closed
[WI-0][TI-0] - [WARN] 2026-06-08 22:41:50.283 +0800 c.g.d.p.t.a.TaskPluginManager:[44] - The task plugin has already been loaded
[WI-0][TI-0] - [WARN] 2026-06-08 22:42:02.146 +0800 c.g.d.c.m.BaseHeartBeatTask:[78] - MasterHeartBeatTask finished...
[WI-0][TI-0] - [WARN] 2026-06-08 22:42:02.148 +0800 c.g.d.c.m.BaseHeartBeatTask:[78] - MasterHeartBeatTask finished...
[WI-0][TI-0] - [ERROR] 2026-06-08 22:42:02.149 +0800 c.g.d.c.t.ThreadUtils:[80] - Current thread sleep error
java.lang.InterruptedException: sleep interrupted
	at java.lang.Thread.sleep(Native Method)
	at com.gyyun.ds.common.thread.ThreadUtils.sleep(ThreadUtils.java:77)
	at com.gyyun.ds.server.master.engine.TaskGroupCoordinator.doStart(TaskGroupCoordinator.java:106)
	at java.lang.Thread.run(Thread.java:750)
[WI-0][TI-0] - [WARN] 2026-06-08 22:42:02.153 +0800 c.g.d.s.m.e.t.d.WorkerGroupDispatcher:[187] - The WorkerGroupDispatcher: WorkerGroupTaskDispatcher-default doesn't started
[WI-0][TI-0] - [WARN] 2026-06-08 22:42:02.153 +0800 c.g.d.s.m.e.t.d.WorkerGroupDispatcher:[187] - The WorkerGroupDispatcher: WorkerGroupTaskDispatcher-default doesn't started
[WI-0][TI-0] - [WARN] 2026-06-08 22:42:02.154 +0800 o.s.b.f.s.DisposableBeanAdapter:[253] - Invocation of close method failed on bean with name 'workflowEngine': org.springframework.beans.factory.BeanCreationNotAllowedException: Error creating bean with name 'workflowEventBusFireWorkers': Singleton bean creation not allowed while singletons of this factory are in destruction (Do not request a bean from a BeanFactory in a destroy method implementation!)
[WI-0][TI-0] - [WARN] 2026-06-08 22:42:02.155 +0800 o.s.b.f.s.DisposableBeanAdapter:[253] - Invocation of close method failed on bean with name 'workflowEventBusCoordinator': org.springframework.beans.factory.BeanCreationNotAllowedException: Error creating bean with name 'workflowEventBusFireWorkers': Singleton bean creation not allowed while singletons of this factory are in destruction (Do not request a bean from a BeanFactory in a destroy method implementation!)
[WI-0][TI-0] - [WARN] 2026-06-08 22:42:02.156 +0800 c.g.d.s.m.e.t.d.WorkerGroupDispatcher:[187] - The WorkerGroupDispatcher: WorkerGroupTaskDispatcher-default doesn't started
[WI-0][TI-0] - [WARN] 2026-06-08 22:42:02.156 +0800 c.g.d.c.m.BaseHeartBeatTask:[78] - MasterHeartBeatTask finished...
[WI-0][TI-0] - [WARN] 2026-06-08 22:42:02.156 +0800 c.g.d.c.m.BaseHeartBeatTask:[78] - MasterHeartBeatTask finished...
[WI-0][TI-0] - [WARN] 2026-06-08 22:42:02.157 +0800 c.g.d.s.m.e.TaskGroupCoordinator:[453] - TaskGroupCoordinator is already closed
[WI-0][TI-0] - [WARN] 2026-06-08 22:42:02.157 +0800 c.g.d.s.m.e.TaskGroupCoordinator:[453] - TaskGroupCoordinator is already closed
[WI-0][TI-0] - [WARN] 2026-06-08 22:42:04.885 +0800 c.g.d.p.t.a.TaskPluginManager:[44] - The task plugin has already been loaded
[WI-0][TI-0] - [WARN] 2026-06-08 22:42:18.373 +0800 c.g.d.c.m.BaseHeartBeatTask:[78] - MasterHeartBeatTask finished...
[WI-0][TI-0] - [WARN] 2026-06-08 22:42:18.375 +0800 c.g.d.c.m.BaseHeartBeatTask:[78] - MasterHeartBeatTask finished...
[WI-0][TI-0] - [ERROR] 2026-06-08 22:42:18.376 +0800 c.g.d.c.t.ThreadUtils:[80] - Current thread sleep error
java.lang.InterruptedException: sleep interrupted
	at java.lang.Thread.sleep(Native Method)
	at com.gyyun.ds.common.thread.ThreadUtils.sleep(ThreadUtils.java:77)
	at com.gyyun.ds.server.master.engine.TaskGroupCoordinator.doStart(TaskGroupCoordinator.java:106)
	at java.lang.Thread.run(Thread.java:750)
[WI-0][TI-0] - [WARN] 2026-06-08 22:42:18.379 +0800 c.g.d.s.m.e.t.d.WorkerGroupDispatcher:[187] - The WorkerGroupDispatcher: WorkerGroupTaskDispatcher-default doesn't started
[WI-0][TI-0] - [WARN] 2026-06-08 22:42:18.380 +0800 c.g.d.s.m.e.t.d.WorkerGroupDispatcher:[187] - The WorkerGroupDispatcher: WorkerGroupTaskDispatcher-default doesn't started
[WI-0][TI-0] - [WARN] 2026-06-08 22:42:18.380 +0800 o.s.b.f.s.DisposableBeanAdapter:[253] - Invocation of close method failed on bean with name 'workflowEngine': org.springframework.beans.factory.BeanCreationNotAllowedException: Error creating bean with name 'workflowEventBusFireWorkers': Singleton bean creation not allowed while singletons of this factory are in destruction (Do not request a bean from a BeanFactory in a destroy method implementation!)
[WI-0][TI-0] - [WARN] 2026-06-08 22:42:18.381 +0800 o.s.b.f.s.DisposableBeanAdapter:[253] - Invocation of close method failed on bean with name 'workflowEventBusCoordinator': org.springframework.beans.factory.BeanCreationNotAllowedException: Error creating bean with name 'workflowEventBusFireWorkers': Singleton bean creation not allowed while singletons of this factory are in destruction (Do not request a bean from a BeanFactory in a destroy method implementation!)
[WI-0][TI-0] - [WARN] 2026-06-08 22:42:18.381 +0800 c.g.d.s.m.e.t.d.WorkerGroupDispatcher:[187] - The WorkerGroupDispatcher: WorkerGroupTaskDispatcher-default doesn't started
[WI-0][TI-0] - [WARN] 2026-06-08 22:42:18.381 +0800 c.g.d.c.m.BaseHeartBeatTask:[78] - MasterHeartBeatTask finished...
[WI-0][TI-0] - [WARN] 2026-06-08 22:42:18.382 +0800 c.g.d.c.m.BaseHeartBeatTask:[78] - MasterHeartBeatTask finished...
[WI-0][TI-0] - [WARN] 2026-06-08 22:42:18.383 +0800 c.g.d.s.m.e.TaskGroupCoordinator:[453] - TaskGroupCoordinator is already closed
[WI-0][TI-0] - [WARN] 2026-06-08 22:42:18.383 +0800 c.g.d.s.m.e.TaskGroupCoordinator:[453] - TaskGroupCoordinator is already closed
[WI-0][TI-0] - [WARN] 2026-06-08 22:42:20.605 +0800 c.g.d.p.t.a.TaskPluginManager:[44] - The task plugin has already been loaded
[WI-0][TI-0] - [WARN] 2026-06-08 22:43:05.910 +0800 c.g.d.c.m.BaseHeartBeatTask:[78] - MasterHeartBeatTask finished...
[WI-0][TI-0] - [WARN] 2026-06-08 22:43:05.912 +0800 c.g.d.c.m.BaseHeartBeatTask:[78] - MasterHeartBeatTask finished...
[WI-0][TI-0] - [ERROR] 2026-06-08 22:43:05.913 +0800 c.g.d.c.t.ThreadUtils:[80] - Current thread sleep error
java.lang.InterruptedException: sleep interrupted
	at java.lang.Thread.sleep(Native Method)
	at com.gyyun.ds.common.thread.ThreadUtils.sleep(ThreadUtils.java:77)
	at com.gyyun.ds.server.master.engine.TaskGroupCoordinator.doStart(TaskGroupCoordinator.java:123)
	at java.lang.Thread.run(Thread.java:750)
[WI-0][TI-0] - [WARN] 2026-06-08 22:43:05.917 +0800 c.g.d.s.m.e.t.d.WorkerGroupDispatcher:[187] - The WorkerGroupDispatcher: WorkerGroupTaskDispatcher-default doesn't started
[WI-0][TI-0] - [WARN] 2026-06-08 22:43:05.918 +0800 c.g.d.s.m.e.t.d.WorkerGroupDispatcher:[187] - The WorkerGroupDispatcher: WorkerGroupTaskDispatcher-default doesn't started
[WI-0][TI-0] - [WARN] 2026-06-08 22:43:05.918 +0800 o.s.b.f.s.DisposableBeanAdapter:[253] - Invocation of close method failed on bean with name 'workflowEngine': org.springframework.beans.factory.BeanCreationNotAllowedException: Error creating bean with name 'workflowEventBusFireWorkers': Singleton bean creation not allowed while singletons of this factory are in destruction (Do not request a bean from a BeanFactory in a destroy method implementation!)
[WI-0][TI-0] - [WARN] 2026-06-08 22:43:05.919 +0800 o.s.b.f.s.DisposableBeanAdapter:[253] - Invocation of close method failed on bean with name 'workflowEventBusCoordinator': org.springframework.beans.factory.BeanCreationNotAllowedException: Error creating bean with name 'workflowEventBusFireWorkers': Singleton bean creation not allowed while singletons of this factory are in destruction (Do not request a bean from a BeanFactory in a destroy method implementation!)
[WI-0][TI-0] - [WARN] 2026-06-08 22:43:05.920 +0800 c.g.d.s.m.e.t.d.WorkerGroupDispatcher:[187] - The WorkerGroupDispatcher: WorkerGroupTaskDispatcher-default doesn't started
[WI-0][TI-0] - [WARN] 2026-06-08 22:43:05.920 +0800 c.g.d.c.m.BaseHeartBeatTask:[78] - MasterHeartBeatTask finished...
[WI-0][TI-0] - [WARN] 2026-06-08 22:43:05.921 +0800 c.g.d.c.m.BaseHeartBeatTask:[78] - MasterHeartBeatTask finished...
[WI-0][TI-0] - [WARN] 2026-06-08 22:43:05.921 +0800 c.g.d.s.m.e.TaskGroupCoordinator:[453] - TaskGroupCoordinator is already closed
[WI-0][TI-0] - [WARN] 2026-06-08 22:43:05.922 +0800 c.g.d.s.m.e.TaskGroupCoordinator:[453] - TaskGroupCoordinator is already closed
[WI-0][TI-0] - [WARN] 2026-06-08 22:43:08.109 +0800 c.g.d.p.t.a.TaskPluginManager:[44] - The task plugin has already been loaded
[WI-0][TI-0] - [WARN] 2026-06-08 22:43:30.656 +0800 c.g.d.s.m.e.TaskGroupCoordinator:[144] - The TaskGroup: default useSize is 1, but the actual use size is 0, will amend it
[WI-0][TI-0] - [WARN] 2026-06-08 22:43:34.760 +0800 c.g.d.c.m.BaseHeartBeatTask:[78] - MasterHeartBeatTask finished...
[WI-0][TI-0] - [WARN] 2026-06-08 22:43:34.762 +0800 c.g.d.c.m.BaseHeartBeatTask:[78] - MasterHeartBeatTask finished...
[WI-0][TI-0] - [ERROR] 2026-06-08 22:43:34.764 +0800 c.g.d.c.t.ThreadUtils:[80] - Current thread sleep error
java.lang.InterruptedException: sleep interrupted
	at java.lang.Thread.sleep(Native Method)
	at com.gyyun.ds.common.thread.ThreadUtils.sleep(ThreadUtils.java:77)
	at com.gyyun.ds.server.master.engine.TaskGroupCoordinator.doStart(TaskGroupCoordinator.java:106)
	at java.lang.Thread.run(Thread.java:750)
[WI-0][TI-0] - [WARN] 2026-06-08 22:43:34.775 +0800 c.g.d.s.m.e.t.d.WorkerGroupDispatcher:[187] - The WorkerGroupDispatcher: WorkerGroupTaskDispatcher-default doesn't started
[WI-0][TI-0] - [WARN] 2026-06-08 22:43:34.776 +0800 c.g.d.s.m.e.t.d.WorkerGroupDispatcher:[187] - The WorkerGroupDispatcher: WorkerGroupTaskDispatcher-default doesn't started
[WI-0][TI-0] - [WARN] 2026-06-08 22:43:34.776 +0800 o.s.b.f.s.DisposableBeanAdapter:[253] - Invocation of close method failed on bean with name 'workflowEngine': org.springframework.beans.factory.BeanCreationNotAllowedException: Error creating bean with name 'workflowEventBusFireWorkers': Singleton bean creation not allowed while singletons of this factory are in destruction (Do not request a bean from a BeanFactory in a destroy method implementation!)
[WI-0][TI-0] - [WARN] 2026-06-08 22:43:34.777 +0800 o.s.b.f.s.DisposableBeanAdapter:[253] - Invocation of close method failed on bean with name 'workflowEventBusCoordinator': org.springframework.beans.factory.BeanCreationNotAllowedException: Error creating bean with name 'workflowEventBusFireWorkers': Singleton bean creation not allowed while singletons of this factory are in destruction (Do not request a bean from a BeanFactory in a destroy method implementation!)
[WI-0][TI-0] - [WARN] 2026-06-08 22:43:34.778 +0800 c.g.d.s.m.e.t.d.WorkerGroupDispatcher:[187] - The WorkerGroupDispatcher: WorkerGroupTaskDispatcher-default doesn't started
[WI-0][TI-0] - [WARN] 2026-06-08 22:43:34.778 +0800 c.g.d.c.m.BaseHeartBeatTask:[78] - MasterHeartBeatTask finished...
[WI-0][TI-0] - [WARN] 2026-06-08 22:43:34.778 +0800 c.g.d.c.m.BaseHeartBeatTask:[78] - MasterHeartBeatTask finished...
[WI-0][TI-0] - [WARN] 2026-06-08 22:43:34.779 +0800 c.g.d.s.m.e.TaskGroupCoordinator:[453] - TaskGroupCoordinator is already closed
[WI-0][TI-0] - [WARN] 2026-06-08 22:43:34.779 +0800 c.g.d.s.m.e.TaskGroupCoordinator:[453] - TaskGroupCoordinator is already closed
[WI-0][TI-0] - [WARN] 2026-06-08 22:43:36.890 +0800 c.g.d.p.t.a.TaskPluginManager:[44] - The task plugin has already been loaded
[WI-0][TI-0] - [WARN] 2026-06-08 22:43:38.970 +0800 c.g.d.c.m.BaseHeartBeatTask:[78] - MasterHeartBeatTask finished...
[WI-0][TI-0] - [WARN] 2026-06-08 22:43:38.973 +0800 c.g.d.c.m.BaseHeartBeatTask:[78] - MasterHeartBeatTask finished...
[WI-0][TI-0] - [ERROR] 2026-06-08 22:43:38.973 +0800 c.g.d.c.t.ThreadUtils:[80] - Current thread sleep error
java.lang.InterruptedException: sleep interrupted
	at java.lang.Thread.sleep(Native Method)
	at com.gyyun.ds.common.thread.ThreadUtils.sleep(ThreadUtils.java:77)
	at com.gyyun.ds.server.master.engine.TaskGroupCoordinator.doStart(TaskGroupCoordinator.java:123)
	at java.lang.Thread.run(Thread.java:750)
[WI-0][TI-0] - [WARN] 2026-06-08 22:43:38.976 +0800 c.g.d.s.m.e.t.d.WorkerGroupDispatcher:[187] - The WorkerGroupDispatcher: WorkerGroupTaskDispatcher-default doesn't started
[WI-0][TI-0] - [WARN] 2026-06-08 22:43:38.977 +0800 c.g.d.s.m.e.t.d.WorkerGroupDispatcher:[187] - The WorkerGroupDispatcher: WorkerGroupTaskDispatcher-default doesn't started
[WI-0][TI-0] - [WARN] 2026-06-08 22:43:38.977 +0800 o.s.b.f.s.DisposableBeanAdapter:[253] - Invocation of close method failed on bean with name 'workflowEngine': org.springframework.beans.factory.BeanCreationNotAllowedException: Error creating bean with name 'workflowEventBusFireWorkers': Singleton bean creation not allowed while singletons of this factory are in destruction (Do not request a bean from a BeanFactory in a destroy method implementation!)
[WI-0][TI-0] - [WARN] 2026-06-08 22:43:38.977 +0800 o.s.b.f.s.DisposableBeanAdapter:[253] - Invocation of close method failed on bean with name 'workflowEventBusCoordinator': org.springframework.beans.factory.BeanCreationNotAllowedException: Error creating bean with name 'workflowEventBusFireWorkers': Singleton bean creation not allowed while singletons of this factory are in destruction (Do not request a bean from a BeanFactory in a destroy method implementation!)
[WI-0][TI-0] - [WARN] 2026-06-08 22:43:38.977 +0800 c.g.d.s.m.e.t.d.WorkerGroupDispatcher:[187] - The WorkerGroupDispatcher: WorkerGroupTaskDispatcher-default doesn't started
[WI-0][TI-0] - [WARN] 2026-06-08 22:43:38.978 +0800 c.g.d.c.m.BaseHeartBeatTask:[78] - MasterHeartBeatTask finished...
[WI-0][TI-0] - [WARN] 2026-06-08 22:43:38.978 +0800 c.g.d.c.m.BaseHeartBeatTask:[78] - MasterHeartBeatTask finished...
[WI-0][TI-0] - [WARN] 2026-06-08 22:43:38.978 +0800 c.g.d.s.m.e.TaskGroupCoordinator:[453] - TaskGroupCoordinator is already closed
[WI-0][TI-0] - [WARN] 2026-06-08 22:43:38.978 +0800 c.g.d.s.m.e.TaskGroupCoordinator:[453] - TaskGroupCoordinator is already closed
[WI-1][TI-1] - [WARN] 2026-06-08 22:43:39.147 +0800 c.g.d.s.m.e.t.d.WorkerGroupDispatcher:[137] - Dispatch Task: 1 failed will retry after: 1000/ms
com.gyyun.ds.server.master.exception.dispatch.WorkerGroupNotFoundException: Cannot find worker group: workerGroupNotFound
	at com.gyyun.ds.server.master.engine.task.client.PhysicalTaskExecutorClientDelegator.dispatch(PhysicalTaskExecutorClientDelegator.java:72)
	at com.gyyun.ds.server.master.engine.task.client.TaskExecutorClient.dispatch(TaskExecutorClient.java:54)
	at com.gyyun.ds.server.master.engine.task.dispatcher.WorkerGroupDispatcher.doDispatchTask(WorkerGroupDispatcher.java:120)
	at com.gyyun.ds.server.master.engine.task.dispatcher.WorkerGroupDispatcher.run(WorkerGroupDispatcher.java:103)
[WI-1][TI-1] - [WARN] 2026-06-08 22:43:40.152 +0800 c.g.d.s.m.e.t.d.WorkerGroupDispatcher:[137] - Dispatch Task: 1 failed will retry after: 2000/ms
com.gyyun.ds.server.master.exception.dispatch.WorkerGroupNotFoundException: Cannot find worker group: workerGroupNotFound
	at com.gyyun.ds.server.master.engine.task.client.PhysicalTaskExecutorClientDelegator.dispatch(PhysicalTaskExecutorClientDelegator.java:72)
	at com.gyyun.ds.server.master.engine.task.client.TaskExecutorClient.dispatch(TaskExecutorClient.java:54)
	at com.gyyun.ds.server.master.engine.task.dispatcher.WorkerGroupDispatcher.doDispatchTask(WorkerGroupDispatcher.java:120)
	at com.gyyun.ds.server.master.engine.task.dispatcher.WorkerGroupDispatcher.run(WorkerGroupDispatcher.java:103)
[WI-0][TI-0] - [WARN] 2026-06-08 22:43:41.354 +0800 c.g.d.p.t.a.TaskPluginManager:[44] - The task plugin has already been loaded
[WI-1][TI-1] - [WARN] 2026-06-08 22:43:42.158 +0800 c.g.d.s.m.e.t.d.WorkerGroupDispatcher:[137] - Dispatch Task: 1 failed will retry after: 3000/ms
com.gyyun.ds.server.master.exception.dispatch.WorkerGroupNotFoundException: Cannot find worker group: workerGroupNotFound
	at com.gyyun.ds.server.master.engine.task.client.PhysicalTaskExecutorClientDelegator.dispatch(PhysicalTaskExecutorClientDelegator.java:72)
	at com.gyyun.ds.server.master.engine.task.client.TaskExecutorClient.dispatch(TaskExecutorClient.java:54)
	at com.gyyun.ds.server.master.engine.task.dispatcher.WorkerGroupDispatcher.doDispatchTask(WorkerGroupDispatcher.java:120)
	at com.gyyun.ds.server.master.engine.task.dispatcher.WorkerGroupDispatcher.run(WorkerGroupDispatcher.java:103)
[WI-0][TI-0] - [WARN] 2026-06-08 22:43:42.169 +0800 c.g.d.c.m.BaseHeartBeatTask:[78] - MasterHeartBeatTask finished...
[WI-0][TI-0] - [WARN] 2026-06-08 22:43:42.172 +0800 c.g.d.c.m.BaseHeartBeatTask:[78] - MasterHeartBeatTask finished...
[WI-0][TI-0] - [ERROR] 2026-06-08 22:43:42.173 +0800 c.g.d.c.t.ThreadUtils:[80] - Current thread sleep error
java.lang.InterruptedException: sleep interrupted
	at java.lang.Thread.sleep(Native Method)
	at com.gyyun.ds.common.thread.ThreadUtils.sleep(ThreadUtils.java:77)
	at com.gyyun.ds.server.master.engine.TaskGroupCoordinator.doStart(TaskGroupCoordinator.java:106)
	at java.lang.Thread.run(Thread.java:750)
[WI-0][TI-0] - [WARN] 2026-06-08 22:43:42.176 +0800 c.g.d.s.m.e.t.d.WorkerGroupDispatcher:[187] - The WorkerGroupDispatcher: WorkerGroupTaskDispatcher-workerGroupNotFound doesn't started
[WI-0][TI-0] - [WARN] 2026-06-08 22:43:42.177 +0800 c.g.d.s.m.e.t.d.WorkerGroupDispatcher:[187] - The WorkerGroupDispatcher: WorkerGroupTaskDispatcher-workerGroupNotFound doesn't started
[WI-0][TI-0] - [WARN] 2026-06-08 22:43:42.177 +0800 o.s.b.f.s.DisposableBeanAdapter:[253] - Invocation of close method failed on bean with name 'workflowEngine': org.springframework.beans.factory.BeanCreationNotAllowedException: Error creating bean with name 'workflowEventBusFireWorkers': Singleton bean creation not allowed while singletons of this factory are in destruction (Do not request a bean from a BeanFactory in a destroy method implementation!)
[WI-0][TI-0] - [WARN] 2026-06-08 22:43:42.177 +0800 o.s.b.f.s.DisposableBeanAdapter:[253] - Invocation of close method failed on bean with name 'workflowEventBusCoordinator': org.springframework.beans.factory.BeanCreationNotAllowedException: Error creating bean with name 'workflowEventBusFireWorkers': Singleton bean creation not allowed while singletons of this factory are in destruction (Do not request a bean from a BeanFactory in a destroy method implementation!)
[WI-0][TI-0] - [WARN] 2026-06-08 22:43:42.178 +0800 c.g.d.s.m.e.t.d.WorkerGroupDispatcher:[187] - The WorkerGroupDispatcher: WorkerGroupTaskDispatcher-workerGroupNotFound doesn't started
[WI-0][TI-0] - [WARN] 2026-06-08 22:43:42.178 +0800 c.g.d.c.m.BaseHeartBeatTask:[78] - MasterHeartBeatTask finished...
[WI-0][TI-0] - [WARN] 2026-06-08 22:43:42.178 +0800 c.g.d.c.m.BaseHeartBeatTask:[78] - MasterHeartBeatTask finished...
[WI-0][TI-0] - [WARN] 2026-06-08 22:43:42.179 +0800 c.g.d.s.m.e.TaskGroupCoordinator:[453] - TaskGroupCoordinator is already closed
[WI-0][TI-0] - [WARN] 2026-06-08 22:43:42.179 +0800 c.g.d.s.m.e.TaskGroupCoordinator:[453] - TaskGroupCoordinator is already closed
[WI-0][TI-0] - [WARN] 2026-06-08 22:43:44.573 +0800 c.g.d.p.t.a.TaskPluginManager:[44] - The task plugin has already been loaded
[WI-1][TI-1] - [WARN] 2026-06-08 22:43:45.162 +0800 c.g.d.s.m.e.t.d.WorkerGroupDispatcher:[137] - Dispatch Task: 1 failed will retry after: 4000/ms
com.gyyun.ds.server.master.exception.dispatch.WorkerGroupNotFoundException: Cannot find worker group: workerGroupNotFound
	at com.gyyun.ds.server.master.engine.task.client.PhysicalTaskExecutorClientDelegator.dispatch(PhysicalTaskExecutorClientDelegator.java:72)
	at com.gyyun.ds.server.master.engine.task.client.TaskExecutorClient.dispatch(TaskExecutorClient.java:54)
	at com.gyyun.ds.server.master.engine.task.dispatcher.WorkerGroupDispatcher.doDispatchTask(WorkerGroupDispatcher.java:120)
	at com.gyyun.ds.server.master.engine.task.dispatcher.WorkerGroupDispatcher.run(WorkerGroupDispatcher.java:103)
[WI-1][TI-1] - [WARN] 2026-06-08 22:43:46.881 +0800 c.g.d.s.m.e.t.d.WorkerGroupDispatcher:[137] - Dispatch Task: 1 failed will retry after: 1000/ms
com.gyyun.ds.server.master.exception.dispatch.WorkerGroupNotFoundException: Cannot find worker group: workerGroupNotFound
	at com.gyyun.ds.server.master.engine.task.client.PhysicalTaskExecutorClientDelegator.dispatch(PhysicalTaskExecutorClientDelegator.java:72)
	at com.gyyun.ds.server.master.engine.task.client.TaskExecutorClient.dispatch(TaskExecutorClient.java:54)
	at com.gyyun.ds.server.master.engine.task.dispatcher.WorkerGroupDispatcher.doDispatchTask(WorkerGroupDispatcher.java:120)
	at com.gyyun.ds.server.master.engine.task.dispatcher.WorkerGroupDispatcher.run(WorkerGroupDispatcher.java:103)
[WI-1][TI-1] - [WARN] 2026-06-08 22:43:47.886 +0800 c.g.d.s.m.e.t.d.WorkerGroupDispatcher:[137] - Dispatch Task: 1 failed will retry after: 2000/ms
com.gyyun.ds.server.master.exception.dispatch.WorkerGroupNotFoundException: Cannot find worker group: workerGroupNotFound
	at com.gyyun.ds.server.master.engine.task.client.PhysicalTaskExecutorClientDelegator.dispatch(PhysicalTaskExecutorClientDelegator.java:72)
	at com.gyyun.ds.server.master.engine.task.client.TaskExecutorClient.dispatch(TaskExecutorClient.java:54)
	at com.gyyun.ds.server.master.engine.task.dispatcher.WorkerGroupDispatcher.doDispatchTask(WorkerGroupDispatcher.java:120)
	at com.gyyun.ds.server.master.engine.task.dispatcher.WorkerGroupDispatcher.run(WorkerGroupDispatcher.java:103)
[WI-1][TI-1] - [WARN] 2026-06-08 22:43:49.891 +0800 c.g.d.s.m.e.t.d.WorkerGroupDispatcher:[137] - Dispatch Task: 1 failed will retry after: 3000/ms
com.gyyun.ds.server.master.exception.dispatch.WorkerGroupNotFoundException: Cannot find worker group: workerGroupNotFound
	at com.gyyun.ds.server.master.engine.task.client.PhysicalTaskExecutorClientDelegator.dispatch(PhysicalTaskExecutorClientDelegator.java:72)
	at com.gyyun.ds.server.master.engine.task.client.TaskExecutorClient.dispatch(TaskExecutorClient.java:54)
	at com.gyyun.ds.server.master.engine.task.dispatcher.WorkerGroupDispatcher.doDispatchTask(WorkerGroupDispatcher.java:120)
	at com.gyyun.ds.server.master.engine.task.dispatcher.WorkerGroupDispatcher.run(WorkerGroupDispatcher.java:103)
[WI-1][TI-1] - [WARN] 2026-06-08 22:43:52.896 +0800 c.g.d.s.m.e.t.d.WorkerGroupDispatcher:[137] - Dispatch Task: 1 failed will retry after: 4000/ms
com.gyyun.ds.server.master.exception.dispatch.WorkerGroupNotFoundException: Cannot find worker group: workerGroupNotFound
	at com.gyyun.ds.server.master.engine.task.client.PhysicalTaskExecutorClientDelegator.dispatch(PhysicalTaskExecutorClientDelegator.java:72)
	at com.gyyun.ds.server.master.engine.task.client.TaskExecutorClient.dispatch(TaskExecutorClient.java:54)
	at com.gyyun.ds.server.master.engine.task.dispatcher.WorkerGroupDispatcher.doDispatchTask(WorkerGroupDispatcher.java:120)
	at com.gyyun.ds.server.master.engine.task.dispatcher.WorkerGroupDispatcher.run(WorkerGroupDispatcher.java:103)
[WI-1][TI-1] - [ERROR] 2026-06-08 22:43:56.898 +0800 c.g.d.s.m.e.t.d.WorkerGroupDispatcher:[149] - Task: A dispatch timeout after 10018ms (limit: 10000ms)
com.gyyun.ds.server.master.exception.dispatch.WorkerGroupNotFoundException: Cannot find worker group: workerGroupNotFound
	at com.gyyun.ds.server.master.engine.task.client.PhysicalTaskExecutorClientDelegator.dispatch(PhysicalTaskExecutorClientDelegator.java:72)
	at com.gyyun.ds.server.master.engine.task.client.TaskExecutorClient.dispatch(TaskExecutorClient.java:54)
	at com.gyyun.ds.server.master.engine.task.dispatcher.WorkerGroupDispatcher.doDispatchTask(WorkerGroupDispatcher.java:120)
	at com.gyyun.ds.server.master.engine.task.dispatcher.WorkerGroupDispatcher.run(WorkerGroupDispatcher.java:103)
[WI-0][TI-0] - [WARN] 2026-06-08 22:44:00.109 +0800 c.g.d.c.m.BaseHeartBeatTask:[78] - MasterHeartBeatTask finished...
[WI-0][TI-0] - [WARN] 2026-06-08 22:44:00.111 +0800 c.g.d.c.m.BaseHeartBeatTask:[78] - MasterHeartBeatTask finished...
[WI-0][TI-0] - [ERROR] 2026-06-08 22:44:00.112 +0800 c.g.d.c.t.ThreadUtils:[80] - Current thread sleep error
java.lang.InterruptedException: sleep interrupted
	at java.lang.Thread.sleep(Native Method)
	at com.gyyun.ds.common.thread.ThreadUtils.sleep(ThreadUtils.java:77)
	at com.gyyun.ds.server.master.engine.TaskGroupCoordinator.doStart(TaskGroupCoordinator.java:106)
	at java.lang.Thread.run(Thread.java:750)
[WI-0][TI-0] - [WARN] 2026-06-08 22:44:00.121 +0800 c.g.d.s.m.e.t.d.WorkerGroupDispatcher:[187] - The WorkerGroupDispatcher: WorkerGroupTaskDispatcher-workerGroupNotFound doesn't started
[WI-0][TI-0] - [WARN] 2026-06-08 22:44:00.124 +0800 c.g.d.s.m.e.t.d.WorkerGroupDispatcher:[187] - The WorkerGroupDispatcher: WorkerGroupTaskDispatcher-workerGroupNotFound doesn't started
[WI-0][TI-0] - [WARN] 2026-06-08 22:44:00.124 +0800 o.s.b.f.s.DisposableBeanAdapter:[253] - Invocation of close method failed on bean with name 'workflowEngine': org.springframework.beans.factory.BeanCreationNotAllowedException: Error creating bean with name 'workflowEventBusFireWorkers': Singleton bean creation not allowed while singletons of this factory are in destruction (Do not request a bean from a BeanFactory in a destroy method implementation!)
[WI-0][TI-0] - [WARN] 2026-06-08 22:44:00.125 +0800 o.s.b.f.s.DisposableBeanAdapter:[253] - Invocation of close method failed on bean with name 'workflowEventBusCoordinator': org.springframework.beans.factory.BeanCreationNotAllowedException: Error creating bean with name 'workflowEventBusFireWorkers': Singleton bean creation not allowed while singletons of this factory are in destruction (Do not request a bean from a BeanFactory in a destroy method implementation!)
[WI-0][TI-0] - [WARN] 2026-06-08 22:44:00.125 +0800 c.g.d.s.m.e.t.d.WorkerGroupDispatcher:[187] - The WorkerGroupDispatcher: WorkerGroupTaskDispatcher-workerGroupNotFound doesn't started
[WI-0][TI-0] - [WARN] 2026-06-08 22:44:00.125 +0800 c.g.d.c.m.BaseHeartBeatTask:[78] - MasterHeartBeatTask finished...
[WI-0][TI-0] - [WARN] 2026-06-08 22:44:00.125 +0800 c.g.d.c.m.BaseHeartBeatTask:[78] - MasterHeartBeatTask finished...
[WI-0][TI-0] - [WARN] 2026-06-08 22:44:00.125 +0800 c.g.d.s.m.e.TaskGroupCoordinator:[453] - TaskGroupCoordinator is already closed
[WI-0][TI-0] - [WARN] 2026-06-08 22:44:00.126 +0800 c.g.d.s.m.e.TaskGroupCoordinator:[453] - TaskGroupCoordinator is already closed
[WI-0][TI-0] - [WARN] 2026-06-08 22:44:02.182 +0800 c.g.d.p.t.a.TaskPluginManager:[44] - The task plugin has already been loaded
[WI-1][TI-1] - [WARN] 2026-06-08 22:44:04.465 +0800 c.g.d.s.m.e.t.d.WorkerGroupDispatcher:[137] - Dispatch Task: 1 failed will retry after: 1000/ms
com.gyyun.ds.server.master.exception.dispatch.NoAvailableWorkerException: Cannot find available worker under worker group: default
	at com.gyyun.ds.server.master.engine.task.client.PhysicalTaskExecutorClientDelegator.lambda$dispatch$0(PhysicalTaskExecutorClientDelegator.java:80)
	at java.util.Optional.orElseThrow(Optional.java:290)
	at com.gyyun.ds.server.master.engine.task.client.PhysicalTaskExecutorClientDelegator.dispatch(PhysicalTaskExecutorClientDelegator.java:80)
	at com.gyyun.ds.server.master.engine.task.client.TaskExecutorClient.dispatch(TaskExecutorClient.java:54)
	at com.gyyun.ds.server.master.engine.task.dispatcher.WorkerGroupDispatcher.doDispatchTask(WorkerGroupDispatcher.java:120)
	at com.gyyun.ds.server.master.engine.task.dispatcher.WorkerGroupDispatcher.run(WorkerGroupDispatcher.java:103)
[WI-1][TI-1] - [WARN] 2026-06-08 22:44:05.470 +0800 c.g.d.s.m.e.t.d.WorkerGroupDispatcher:[137] - Dispatch Task: 1 failed will retry after: 2000/ms
com.gyyun.ds.server.master.exception.dispatch.NoAvailableWorkerException: Cannot find available worker under worker group: default
	at com.gyyun.ds.server.master.engine.task.client.PhysicalTaskExecutorClientDelegator.lambda$dispatch$0(PhysicalTaskExecutorClientDelegator.java:80)
	at java.util.Optional.orElseThrow(Optional.java:290)
	at com.gyyun.ds.server.master.engine.task.client.PhysicalTaskExecutorClientDelegator.dispatch(PhysicalTaskExecutorClientDelegator.java:80)
	at com.gyyun.ds.server.master.engine.task.client.TaskExecutorClient.dispatch(TaskExecutorClient.java:54)
	at com.gyyun.ds.server.master.engine.task.dispatcher.WorkerGroupDispatcher.doDispatchTask(WorkerGroupDispatcher.java:120)
	at com.gyyun.ds.server.master.engine.task.dispatcher.WorkerGroupDispatcher.run(WorkerGroupDispatcher.java:103)
[WI-1][TI-1] - [WARN] 2026-06-08 22:44:07.471 +0800 c.g.d.s.m.e.t.d.WorkerGroupDispatcher:[137] - Dispatch Task: 1 failed will retry after: 3000/ms
com.gyyun.ds.server.master.exception.dispatch.NoAvailableWorkerException: Cannot find available worker under worker group: default
	at com.gyyun.ds.server.master.engine.task.client.PhysicalTaskExecutorClientDelegator.lambda$dispatch$0(PhysicalTaskExecutorClientDelegator.java:80)
	at java.util.Optional.orElseThrow(Optional.java:290)
	at com.gyyun.ds.server.master.engine.task.client.PhysicalTaskExecutorClientDelegator.dispatch(PhysicalTaskExecutorClientDelegator.java:80)
	at com.gyyun.ds.server.master.engine.task.client.TaskExecutorClient.dispatch(TaskExecutorClient.java:54)
	at com.gyyun.ds.server.master.engine.task.dispatcher.WorkerGroupDispatcher.doDispatchTask(WorkerGroupDispatcher.java:120)
	at com.gyyun.ds.server.master.engine.task.dispatcher.WorkerGroupDispatcher.run(WorkerGroupDispatcher.java:103)
[WI-1][TI-1] - [WARN] 2026-06-08 22:44:10.477 +0800 c.g.d.s.m.e.t.d.WorkerGroupDispatcher:[137] - Dispatch Task: 1 failed will retry after: 4000/ms
com.gyyun.ds.server.master.exception.dispatch.NoAvailableWorkerException: Cannot find available worker under worker group: default
	at com.gyyun.ds.server.master.engine.task.client.PhysicalTaskExecutorClientDelegator.lambda$dispatch$0(PhysicalTaskExecutorClientDelegator.java:80)
	at java.util.Optional.orElseThrow(Optional.java:290)
	at com.gyyun.ds.server.master.engine.task.client.PhysicalTaskExecutorClientDelegator.dispatch(PhysicalTaskExecutorClientDelegator.java:80)
	at com.gyyun.ds.server.master.engine.task.client.TaskExecutorClient.dispatch(TaskExecutorClient.java:54)
	at com.gyyun.ds.server.master.engine.task.dispatcher.WorkerGroupDispatcher.doDispatchTask(WorkerGroupDispatcher.java:120)
	at com.gyyun.ds.server.master.engine.task.dispatcher.WorkerGroupDispatcher.run(WorkerGroupDispatcher.java:103)
[WI-1][TI-1] - [ERROR] 2026-06-08 22:44:14.482 +0800 c.g.d.s.m.e.t.d.WorkerGroupDispatcher:[149] - Task: A dispatch timeout after 10021ms (limit: 10000ms)
com.gyyun.ds.server.master.exception.dispatch.NoAvailableWorkerException: Cannot find available worker under worker group: default
	at com.gyyun.ds.server.master.engine.task.client.PhysicalTaskExecutorClientDelegator.lambda$dispatch$0(PhysicalTaskExecutorClientDelegator.java:80)
	at java.util.Optional.orElseThrow(Optional.java:290)
	at com.gyyun.ds.server.master.engine.task.client.PhysicalTaskExecutorClientDelegator.dispatch(PhysicalTaskExecutorClientDelegator.java:80)
	at com.gyyun.ds.server.master.engine.task.client.TaskExecutorClient.dispatch(TaskExecutorClient.java:54)
	at com.gyyun.ds.server.master.engine.task.dispatcher.WorkerGroupDispatcher.doDispatchTask(WorkerGroupDispatcher.java:120)
	at com.gyyun.ds.server.master.engine.task.dispatcher.WorkerGroupDispatcher.run(WorkerGroupDispatcher.java:103)
[WI-0][TI-0] - [WARN] 2026-06-08 22:44:17.622 +0800 c.g.d.c.m.BaseHeartBeatTask:[78] - MasterHeartBeatTask finished...
[WI-0][TI-0] - [WARN] 2026-06-08 22:44:17.625 +0800 c.g.d.c.m.BaseHeartBeatTask:[78] - MasterHeartBeatTask finished...
[WI-0][TI-0] - [ERROR] 2026-06-08 22:44:17.626 +0800 c.g.d.c.t.ThreadUtils:[80] - Current thread sleep error
java.lang.InterruptedException: sleep interrupted
	at java.lang.Thread.sleep(Native Method)
	at com.gyyun.ds.common.thread.ThreadUtils.sleep(ThreadUtils.java:77)
	at com.gyyun.ds.server.master.engine.TaskGroupCoordinator.doStart(TaskGroupCoordinator.java:106)
	at java.lang.Thread.run(Thread.java:750)
[WI-0][TI-0] - [WARN] 2026-06-08 22:44:17.631 +0800 c.g.d.s.m.e.t.d.WorkerGroupDispatcher:[187] - The WorkerGroupDispatcher: WorkerGroupTaskDispatcher-default doesn't started
[WI-0][TI-0] - [WARN] 2026-06-08 22:44:17.634 +0800 c.g.d.s.m.e.t.d.WorkerGroupDispatcher:[187] - The WorkerGroupDispatcher: WorkerGroupTaskDispatcher-default doesn't started
[WI-0][TI-0] - [WARN] 2026-06-08 22:44:17.635 +0800 o.s.b.f.s.DisposableBeanAdapter:[253] - Invocation of close method failed on bean with name 'workflowEngine': org.springframework.beans.factory.BeanCreationNotAllowedException: Error creating bean with name 'workflowEventBusFireWorkers': Singleton bean creation not allowed while singletons of this factory are in destruction (Do not request a bean from a BeanFactory in a destroy method implementation!)
[WI-0][TI-0] - [WARN] 2026-06-08 22:44:17.635 +0800 o.s.b.f.s.DisposableBeanAdapter:[253] - Invocation of close method failed on bean with name 'workflowEventBusCoordinator': org.springframework.beans.factory.BeanCreationNotAllowedException: Error creating bean with name 'workflowEventBusFireWorkers': Singleton bean creation not allowed while singletons of this factory are in destruction (Do not request a bean from a BeanFactory in a destroy method implementation!)
[WI-0][TI-0] - [WARN] 2026-06-08 22:44:17.635 +0800 c.g.d.s.m.e.t.d.WorkerGroupDispatcher:[187] - The WorkerGroupDispatcher: WorkerGroupTaskDispatcher-default doesn't started
[WI-0][TI-0] - [WARN] 2026-06-08 22:44:17.636 +0800 c.g.d.c.m.BaseHeartBeatTask:[78] - MasterHeartBeatTask finished...
[WI-0][TI-0] - [WARN] 2026-06-08 22:44:17.636 +0800 c.g.d.c.m.BaseHeartBeatTask:[78] - MasterHeartBeatTask finished...
[WI-0][TI-0] - [WARN] 2026-06-08 22:44:17.636 +0800 c.g.d.s.m.e.TaskGroupCoordinator:[453] - TaskGroupCoordinator is already closed
[WI-0][TI-0] - [WARN] 2026-06-08 22:44:17.637 +0800 c.g.d.s.m.e.TaskGroupCoordinator:[453] - TaskGroupCoordinator is already closed
[WI-0][TI-0] - [WARN] 2026-06-08 22:44:18.133 +0800 c.g.d.c.m.BaseHeartBeatTask:[78] - MasterHeartBeatTask finished...
[WI-0][TI-0] - [WARN] 2026-06-08 22:44:18.134 +0800 c.g.d.c.m.BaseHeartBeatTask:[78] - MasterHeartBeatTask finished...
[WI-0][TI-0] - [ERROR] 2026-06-08 22:44:18.135 +0800 c.g.d.c.t.ThreadUtils:[80] - Current thread sleep error
java.lang.InterruptedException: sleep interrupted
	at java.lang.Thread.sleep(Native Method)
	at com.gyyun.ds.common.thread.ThreadUtils.sleep(ThreadUtils.java:77)
	at com.gyyun.ds.server.master.engine.TaskGroupCoordinator.doStart(TaskGroupCoordinator.java:106)
	at java.lang.Thread.run(Thread.java:750)
[WI-0][TI-0] - [WARN] 2026-06-08 22:44:18.139 +0800 c.g.d.s.m.e.t.d.WorkerGroupDispatcher:[187] - The WorkerGroupDispatcher: WorkerGroupTaskDispatcher-default doesn't started
[WI-0][TI-0] - [WARN] 2026-06-08 22:44:18.140 +0800 c.g.d.s.m.e.t.d.WorkerGroupDispatcher:[187] - The WorkerGroupDispatcher: WorkerGroupTaskDispatcher-default doesn't started
[WI-0][TI-0] - [WARN] 2026-06-08 22:44:18.141 +0800 o.s.b.f.s.DisposableBeanAdapter:[253] - Invocation of close method failed on bean with name 'workflowEngine': org.springframework.beans.factory.BeanCreationNotAllowedException: Error creating bean with name 'workflowEventBusFireWorkers': Singleton bean creation not allowed while singletons of this factory are in destruction (Do not request a bean from a BeanFactory in a destroy method implementation!)
[WI-0][TI-0] - [WARN] 2026-06-08 22:44:18.142 +0800 o.s.b.f.s.DisposableBeanAdapter:[253] - Invocation of close method failed on bean with name 'workflowEventBusCoordinator': org.springframework.beans.factory.BeanCreationNotAllowedException: Error creating bean with name 'workflowEventBusFireWorkers': Singleton bean creation not allowed while singletons of this factory are in destruction (Do not request a bean from a BeanFactory in a destroy method implementation!)
[WI-0][TI-0] - [WARN] 2026-06-08 22:44:18.142 +0800 c.g.d.s.m.e.t.d.WorkerGroupDispatcher:[187] - The WorkerGroupDispatcher: WorkerGroupTaskDispatcher-default doesn't started
[WI-0][TI-0] - [WARN] 2026-06-08 22:44:18.142 +0800 c.g.d.c.m.BaseHeartBeatTask:[78] - MasterHeartBeatTask finished...
[WI-0][TI-0] - [WARN] 2026-06-08 22:44:18.143 +0800 c.g.d.c.m.BaseHeartBeatTask:[78] - MasterHeartBeatTask finished...
[WI-0][TI-0] - [WARN] 2026-06-08 22:44:18.143 +0800 c.g.d.s.m.e.TaskGroupCoordinator:[453] - TaskGroupCoordinator is already closed
[WI-0][TI-0] - [WARN] 2026-06-08 22:44:18.143 +0800 c.g.d.s.m.e.TaskGroupCoordinator:[453] - TaskGroupCoordinator is already closed
[WI-0][TI-0] - [WARN] 2026-06-08 22:44:20.227 +0800 c.g.d.p.t.a.TaskPluginManager:[44] - The task plugin has already been loaded
[WI-0][TI-0] - [WARN] 2026-06-08 22:44:20.908 +0800 c.g.d.p.t.a.TaskPluginManager:[44] - The task plugin has already been loaded
[WI-1][TI-1] - [WARN] 2026-06-08 22:44:22.570 +0800 c.g.d.s.m.e.t.d.WorkerGroupDispatcher:[137] - Dispatch Task: 1 failed will retry after: 1000/ms
com.gyyun.ds.server.master.exception.dispatch.NoAvailableWorkerException: Cannot find available worker under worker group: default
	at com.gyyun.ds.server.master.engine.task.client.PhysicalTaskExecutorClientDelegator.lambda$dispatch$0(PhysicalTaskExecutorClientDelegator.java:80)
	at java.util.Optional.orElseThrow(Optional.java:290)
	at com.gyyun.ds.server.master.engine.task.client.PhysicalTaskExecutorClientDelegator.dispatch(PhysicalTaskExecutorClientDelegator.java:80)
	at com.gyyun.ds.server.master.engine.task.client.TaskExecutorClient.dispatch(TaskExecutorClient.java:54)
	at com.gyyun.ds.server.master.engine.task.dispatcher.WorkerGroupDispatcher.doDispatchTask(WorkerGroupDispatcher.java:120)
	at com.gyyun.ds.server.master.engine.task.dispatcher.WorkerGroupDispatcher.run(WorkerGroupDispatcher.java:103)
[WI-1][TI-1] - [WARN] 2026-06-08 22:44:23.576 +0800 c.g.d.s.m.e.t.d.WorkerGroupDispatcher:[137] - Dispatch Task: 1 failed will retry after: 2000/ms
com.gyyun.ds.server.master.exception.dispatch.NoAvailableWorkerException: Cannot find available worker under worker group: default
	at com.gyyun.ds.server.master.engine.task.client.PhysicalTaskExecutorClientDelegator.lambda$dispatch$0(PhysicalTaskExecutorClientDelegator.java:80)
	at java.util.Optional.orElseThrow(Optional.java:290)
	at com.gyyun.ds.server.master.engine.task.client.PhysicalTaskExecutorClientDelegator.dispatch(PhysicalTaskExecutorClientDelegator.java:80)
	at com.gyyun.ds.server.master.engine.task.client.TaskExecutorClient.dispatch(TaskExecutorClient.java:54)
	at com.gyyun.ds.server.master.engine.task.dispatcher.WorkerGroupDispatcher.doDispatchTask(WorkerGroupDispatcher.java:120)
	at com.gyyun.ds.server.master.engine.task.dispatcher.WorkerGroupDispatcher.run(WorkerGroupDispatcher.java:103)
[WI-1][TI-1] - [WARN] 2026-06-08 22:44:25.579 +0800 c.g.d.s.m.e.t.d.WorkerGroupDispatcher:[137] - Dispatch Task: 1 failed will retry after: 3000/ms
com.gyyun.ds.server.master.exception.dispatch.NoAvailableWorkerException: Cannot find available worker under worker group: default
	at com.gyyun.ds.server.master.engine.task.client.PhysicalTaskExecutorClientDelegator.lambda$dispatch$0(PhysicalTaskExecutorClientDelegator.java:80)
	at java.util.Optional.orElseThrow(Optional.java:290)
	at com.gyyun.ds.server.master.engine.task.client.PhysicalTaskExecutorClientDelegator.dispatch(PhysicalTaskExecutorClientDelegator.java:80)
	at com.gyyun.ds.server.master.engine.task.client.TaskExecutorClient.dispatch(TaskExecutorClient.java:54)
	at com.gyyun.ds.server.master.engine.task.dispatcher.WorkerGroupDispatcher.doDispatchTask(WorkerGroupDispatcher.java:120)
	at com.gyyun.ds.server.master.engine.task.dispatcher.WorkerGroupDispatcher.run(WorkerGroupDispatcher.java:103)
[WI-0][TI-0] - [WARN] 2026-06-08 22:44:25.662 +0800 c.g.d.c.m.BaseHeartBeatTask:[78] - MasterHeartBeatTask finished...
[WI-0][TI-0] - [WARN] 2026-06-08 22:44:25.664 +0800 c.g.d.c.m.BaseHeartBeatTask:[78] - MasterHeartBeatTask finished...
[WI-0][TI-0] - [ERROR] 2026-06-08 22:44:25.665 +0800 c.g.d.c.t.ThreadUtils:[80] - Current thread sleep error
java.lang.InterruptedException: sleep interrupted
	at java.lang.Thread.sleep(Native Method)
	at com.gyyun.ds.common.thread.ThreadUtils.sleep(ThreadUtils.java:77)
	at com.gyyun.ds.server.master.engine.TaskGroupCoordinator.doStart(TaskGroupCoordinator.java:106)
	at java.lang.Thread.run(Thread.java:750)
[WI-0][TI-0] - [WARN] 2026-06-08 22:44:25.668 +0800 c.g.d.s.m.e.t.d.WorkerGroupDispatcher:[187] - The WorkerGroupDispatcher: WorkerGroupTaskDispatcher-default doesn't started
[WI-0][TI-0] - [WARN] 2026-06-08 22:44:25.669 +0800 c.g.d.s.m.e.t.d.WorkerGroupDispatcher:[187] - The WorkerGroupDispatcher: WorkerGroupTaskDispatcher-default doesn't started
[WI-0][TI-0] - [WARN] 2026-06-08 22:44:25.670 +0800 o.s.b.f.s.DisposableBeanAdapter:[253] - Invocation of close method failed on bean with name 'workflowEngine': org.springframework.beans.factory.BeanCreationNotAllowedException: Error creating bean with name 'workflowEventBusFireWorkers': Singleton bean creation not allowed while singletons of this factory are in destruction (Do not request a bean from a BeanFactory in a destroy method implementation!)
[WI-0][TI-0] - [WARN] 2026-06-08 22:44:25.670 +0800 o.s.b.f.s.DisposableBeanAdapter:[253] - Invocation of close method failed on bean with name 'workflowEventBusCoordinator': org.springframework.beans.factory.BeanCreationNotAllowedException: Error creating bean with name 'workflowEventBusFireWorkers': Singleton bean creation not allowed while singletons of this factory are in destruction (Do not request a bean from a BeanFactory in a destroy method implementation!)
[WI-0][TI-0] - [WARN] 2026-06-08 22:44:25.670 +0800 c.g.d.s.m.e.t.d.WorkerGroupDispatcher:[187] - The WorkerGroupDispatcher: WorkerGroupTaskDispatcher-default doesn't started
[WI-0][TI-0] - [WARN] 2026-06-08 22:44:25.670 +0800 c.g.d.c.m.BaseHeartBeatTask:[78] - MasterHeartBeatTask finished...
[WI-0][TI-0] - [WARN] 2026-06-08 22:44:25.671 +0800 c.g.d.c.m.BaseHeartBeatTask:[78] - MasterHeartBeatTask finished...
[WI-0][TI-0] - [WARN] 2026-06-08 22:44:25.671 +0800 c.g.d.s.m.e.TaskGroupCoordinator:[453] - TaskGroupCoordinator is already closed
[WI-0][TI-0] - [WARN] 2026-06-08 22:44:25.671 +0800 c.g.d.s.m.e.TaskGroupCoordinator:[453] - TaskGroupCoordinator is already closed
[WI-0][TI-0] - [WARN] 2026-06-08 22:44:27.432 +0800 c.g.d.c.m.BaseHeartBeatTask:[78] - MasterHeartBeatTask finished...
[WI-0][TI-0] - [WARN] 2026-06-08 22:44:27.434 +0800 c.g.d.c.m.BaseHeartBeatTask:[78] - MasterHeartBeatTask finished...
[WI-0][TI-0] - [ERROR] 2026-06-08 22:44:27.434 +0800 c.g.d.c.t.ThreadUtils:[80] - Current thread sleep error
java.lang.InterruptedException: sleep interrupted
	at java.lang.Thread.sleep(Native Method)
	at com.gyyun.ds.common.thread.ThreadUtils.sleep(ThreadUtils.java:77)
	at com.gyyun.ds.server.master.engine.TaskGroupCoordinator.doStart(TaskGroupCoordinator.java:106)
	at java.lang.Thread.run(Thread.java:750)
[WI-0][TI-0] - [WARN] 2026-06-08 22:44:27.438 +0800 c.g.d.s.m.e.t.d.WorkerGroupDispatcher:[187] - The WorkerGroupDispatcher: WorkerGroupTaskDispatcher-default doesn't started
[WI-0][TI-0] - [WARN] 2026-06-08 22:44:27.440 +0800 c.g.d.s.m.e.t.d.WorkerGroupDispatcher:[187] - The WorkerGroupDispatcher: WorkerGroupTaskDispatcher-default doesn't started
[WI-0][TI-0] - [WARN] 2026-06-08 22:44:27.441 +0800 o.s.b.f.s.DisposableBeanAdapter:[253] - Invocation of close method failed on bean with name 'workflowEngine': org.springframework.beans.factory.BeanCreationNotAllowedException: Error creating bean with name 'workflowEventBusFireWorkers': Singleton bean creation not allowed while singletons of this factory are in destruction (Do not request a bean from a BeanFactory in a destroy method implementation!)
[WI-0][TI-0] - [WARN] 2026-06-08 22:44:27.442 +0800 o.s.b.f.s.DisposableBeanAdapter:[253] - Invocation of close method failed on bean with name 'workflowEventBusCoordinator': org.springframework.beans.factory.BeanCreationNotAllowedException: Error creating bean with name 'workflowEventBusFireWorkers': Singleton bean creation not allowed while singletons of this factory are in destruction (Do not request a bean from a BeanFactory in a destroy method implementation!)
[WI-0][TI-0] - [WARN] 2026-06-08 22:44:27.442 +0800 c.g.d.s.m.e.t.d.WorkerGroupDispatcher:[187] - The WorkerGroupDispatcher: WorkerGroupTaskDispatcher-default doesn't started
[WI-0][TI-0] - [WARN] 2026-06-08 22:44:27.442 +0800 c.g.d.c.m.BaseHeartBeatTask:[78] - MasterHeartBeatTask finished...
[WI-0][TI-0] - [WARN] 2026-06-08 22:44:27.442 +0800 c.g.d.c.m.BaseHeartBeatTask:[78] - MasterHeartBeatTask finished...
[WI-0][TI-0] - [WARN] 2026-06-08 22:44:27.443 +0800 c.g.d.s.m.e.TaskGroupCoordinator:[453] - TaskGroupCoordinator is already closed
[WI-0][TI-0] - [WARN] 2026-06-08 22:44:27.443 +0800 c.g.d.s.m.e.TaskGroupCoordinator:[453] - TaskGroupCoordinator is already closed
[WI-0][TI-0] - [WARN] 2026-06-08 22:44:27.886 +0800 c.g.d.p.t.a.TaskPluginManager:[44] - The task plugin has already been loaded
[WI-1][TI-1] - [WARN] 2026-06-08 22:44:28.584 +0800 c.g.d.s.m.e.t.d.WorkerGroupDispatcher:[137] - Dispatch Task: 1 failed will retry after: 4000/ms
com.gyyun.ds.server.master.exception.dispatch.NoAvailableWorkerException: Cannot find available worker under worker group: default
	at com.gyyun.ds.server.master.engine.task.client.PhysicalTaskExecutorClientDelegator.lambda$dispatch$0(PhysicalTaskExecutorClientDelegator.java:80)
	at java.util.Optional.orElseThrow(Optional.java:290)
	at com.gyyun.ds.server.master.engine.task.client.PhysicalTaskExecutorClientDelegator.dispatch(PhysicalTaskExecutorClientDelegator.java:80)
	at com.gyyun.ds.server.master.engine.task.client.TaskExecutorClient.dispatch(TaskExecutorClient.java:54)
	at com.gyyun.ds.server.master.engine.task.dispatcher.WorkerGroupDispatcher.doDispatchTask(WorkerGroupDispatcher.java:120)
	at com.gyyun.ds.server.master.engine.task.dispatcher.WorkerGroupDispatcher.run(WorkerGroupDispatcher.java:103)
[WI-0][TI-0] - [WARN] 2026-06-08 22:44:30.130 +0800 c.g.d.p.t.a.TaskPluginManager:[44] - The task plugin has already been loaded
[WI-0][TI-0] - [WARN] 2026-06-08 22:44:50.575 +0800 c.g.d.c.m.BaseHeartBeatTask:[78] - MasterHeartBeatTask finished...
[WI-0][TI-0] - [WARN] 2026-06-08 22:44:50.577 +0800 c.g.d.c.m.BaseHeartBeatTask:[78] - MasterHeartBeatTask finished...
[WI-0][TI-0] - [ERROR] 2026-06-08 22:44:50.577 +0800 c.g.d.c.t.ThreadUtils:[80] - Current thread sleep error
java.lang.InterruptedException: sleep interrupted
	at java.lang.Thread.sleep(Native Method)
	at com.gyyun.ds.common.thread.ThreadUtils.sleep(ThreadUtils.java:77)
	at com.gyyun.ds.server.master.engine.TaskGroupCoordinator.doStart(TaskGroupCoordinator.java:106)
	at java.lang.Thread.run(Thread.java:750)
[WI-0][TI-0] - [WARN] 2026-06-08 22:44:50.580 +0800 c.g.d.s.m.e.t.d.WorkerGroupDispatcher:[187] - The WorkerGroupDispatcher: WorkerGroupTaskDispatcher-default doesn't started
[WI-0][TI-0] - [WARN] 2026-06-08 22:44:50.580 +0800 c.g.d.s.m.e.t.d.WorkerGroupDispatcher:[187] - The WorkerGroupDispatcher: WorkerGroupTaskDispatcher-default doesn't started
[WI-0][TI-0] - [WARN] 2026-06-08 22:44:50.580 +0800 o.s.b.f.s.DisposableBeanAdapter:[253] - Invocation of close method failed on bean with name 'workflowEngine': org.springframework.beans.factory.BeanCreationNotAllowedException: Error creating bean with name 'workflowEventBusFireWorkers': Singleton bean creation not allowed while singletons of this factory are in destruction (Do not request a bean from a BeanFactory in a destroy method implementation!)
[WI-0][TI-0] - [WARN] 2026-06-08 22:44:50.581 +0800 o.s.b.f.s.DisposableBeanAdapter:[253] - Invocation of close method failed on bean with name 'workflowEventBusCoordinator': org.springframework.beans.factory.BeanCreationNotAllowedException: Error creating bean with name 'workflowEventBusFireWorkers': Singleton bean creation not allowed while singletons of this factory are in destruction (Do not request a bean from a BeanFactory in a destroy method implementation!)
[WI-0][TI-0] - [WARN] 2026-06-08 22:44:50.581 +0800 c.g.d.s.m.e.t.d.WorkerGroupDispatcher:[187] - The WorkerGroupDispatcher: WorkerGroupTaskDispatcher-default doesn't started
[WI-0][TI-0] - [WARN] 2026-06-08 22:44:50.581 +0800 c.g.d.c.m.BaseHeartBeatTask:[78] - MasterHeartBeatTask finished...
[WI-0][TI-0] - [WARN] 2026-06-08 22:44:50.581 +0800 c.g.d.c.m.BaseHeartBeatTask:[78] - MasterHeartBeatTask finished...
[WI-0][TI-0] - [WARN] 2026-06-08 22:44:50.582 +0800 c.g.d.s.m.e.TaskGroupCoordinator:[453] - TaskGroupCoordinator is already closed
[WI-0][TI-0] - [WARN] 2026-06-08 22:44:50.582 +0800 c.g.d.s.m.e.TaskGroupCoordinator:[453] - TaskGroupCoordinator is already closed
[WI-0][TI-0] - [WARN] 2026-06-08 22:44:52.650 +0800 c.g.d.p.t.a.TaskPluginManager:[44] - The task plugin has already been loaded
[WI-0][TI-0] - [WARN] 2026-06-08 22:44:58.662 +0800 c.g.d.c.m.BaseHeartBeatTask:[78] - MasterHeartBeatTask finished...
[WI-0][TI-0] - [WARN] 2026-06-08 22:44:58.665 +0800 c.g.d.c.m.BaseHeartBeatTask:[78] - MasterHeartBeatTask finished...
[WI-0][TI-0] - [ERROR] 2026-06-08 22:44:58.667 +0800 c.g.d.c.t.ThreadUtils:[80] - Current thread sleep error
java.lang.InterruptedException: sleep interrupted
	at java.lang.Thread.sleep(Native Method)
	at com.gyyun.ds.common.thread.ThreadUtils.sleep(ThreadUtils.java:77)
	at com.gyyun.ds.server.master.engine.TaskGroupCoordinator.doStart(TaskGroupCoordinator.java:106)
	at java.lang.Thread.run(Thread.java:750)
[WI-0][TI-0] - [WARN] 2026-06-08 22:44:58.676 +0800 c.g.d.s.m.e.t.d.WorkerGroupDispatcher:[187] - The WorkerGroupDispatcher: WorkerGroupTaskDispatcher-default doesn't started
[WI-0][TI-0] - [WARN] 2026-06-08 22:44:58.677 +0800 c.g.d.s.m.e.t.d.WorkerGroupDispatcher:[187] - The WorkerGroupDispatcher: WorkerGroupTaskDispatcher-default doesn't started
[WI-0][TI-0] - [WARN] 2026-06-08 22:44:58.677 +0800 o.s.b.f.s.DisposableBeanAdapter:[253] - Invocation of close method failed on bean with name 'workflowEngine': org.springframework.beans.factory.BeanCreationNotAllowedException: Error creating bean with name 'workflowEventBusFireWorkers': Singleton bean creation not allowed while singletons of this factory are in destruction (Do not request a bean from a BeanFactory in a destroy method implementation!)
[WI-0][TI-0] - [WARN] 2026-06-08 22:44:58.678 +0800 o.s.b.f.s.DisposableBeanAdapter:[253] - Invocation of close method failed on bean with name 'workflowEventBusCoordinator': org.springframework.beans.factory.BeanCreationNotAllowedException: Error creating bean with name 'workflowEventBusFireWorkers': Singleton bean creation not allowed while singletons of this factory are in destruction (Do not request a bean from a BeanFactory in a destroy method implementation!)
[WI-0][TI-0] - [WARN] 2026-06-08 22:44:58.678 +0800 c.g.d.s.m.e.t.d.WorkerGroupDispatcher:[187] - The WorkerGroupDispatcher: WorkerGroupTaskDispatcher-default doesn't started
[WI-0][TI-0] - [WARN] 2026-06-08 22:44:58.679 +0800 c.g.d.c.m.BaseHeartBeatTask:[78] - MasterHeartBeatTask finished...
[WI-0][TI-0] - [WARN] 2026-06-08 22:44:58.679 +0800 c.g.d.c.m.BaseHeartBeatTask:[78] - MasterHeartBeatTask finished...
[WI-0][TI-0] - [WARN] 2026-06-08 22:44:58.679 +0800 c.g.d.s.m.e.TaskGroupCoordinator:[453] - TaskGroupCoordinator is already closed
[WI-0][TI-0] - [WARN] 2026-06-08 22:44:58.679 +0800 c.g.d.s.m.e.TaskGroupCoordinator:[453] - TaskGroupCoordinator is already closed
[WI-0][TI-0] - [WARN] 2026-06-08 22:45:00.776 +0800 c.g.d.p.t.a.TaskPluginManager:[44] - The task plugin has already been loaded
[WI-0][TI-0] - [WARN] 2026-06-08 22:45:06.422 +0800 c.g.d.c.m.BaseHeartBeatTask:[78] - MasterHeartBeatTask finished...
[WI-0][TI-0] - [WARN] 2026-06-08 22:45:06.424 +0800 c.g.d.c.m.BaseHeartBeatTask:[78] - MasterHeartBeatTask finished...
[WI-0][TI-0] - [ERROR] 2026-06-08 22:45:06.426 +0800 c.g.d.c.t.ThreadUtils:[80] - Current thread sleep error
java.lang.InterruptedException: sleep interrupted
	at java.lang.Thread.sleep(Native Method)
	at com.gyyun.ds.common.thread.ThreadUtils.sleep(ThreadUtils.java:77)
	at com.gyyun.ds.server.master.engine.TaskGroupCoordinator.doStart(TaskGroupCoordinator.java:106)
	at java.lang.Thread.run(Thread.java:750)
[WI-0][TI-0] - [WARN] 2026-06-08 22:45:06.435 +0800 c.g.d.s.m.e.t.d.WorkerGroupDispatcher:[187] - The WorkerGroupDispatcher: WorkerGroupTaskDispatcher-default doesn't started
[WI-0][TI-0] - [WARN] 2026-06-08 22:45:06.437 +0800 c.g.d.s.m.e.t.d.WorkerGroupDispatcher:[187] - The WorkerGroupDispatcher: WorkerGroupTaskDispatcher-default doesn't started
[WI-0][TI-0] - [WARN] 2026-06-08 22:45:06.437 +0800 o.s.b.f.s.DisposableBeanAdapter:[253] - Invocation of close method failed on bean with name 'workflowEngine': org.springframework.beans.factory.BeanCreationNotAllowedException: Error creating bean with name 'workflowEventBusFireWorkers': Singleton bean creation not allowed while singletons of this factory are in destruction (Do not request a bean from a BeanFactory in a destroy method implementation!)
[WI-0][TI-0] - [WARN] 2026-06-08 22:45:06.437 +0800 o.s.b.f.s.DisposableBeanAdapter:[253] - Invocation of close method failed on bean with name 'workflowEventBusCoordinator': org.springframework.beans.factory.BeanCreationNotAllowedException: Error creating bean with name 'workflowEventBusFireWorkers': Singleton bean creation not allowed while singletons of this factory are in destruction (Do not request a bean from a BeanFactory in a destroy method implementation!)
[WI-0][TI-0] - [WARN] 2026-06-08 22:45:06.438 +0800 c.g.d.s.m.e.t.d.WorkerGroupDispatcher:[187] - The WorkerGroupDispatcher: WorkerGroupTaskDispatcher-default doesn't started
[WI-0][TI-0] - [WARN] 2026-06-08 22:45:06.438 +0800 c.g.d.c.m.BaseHeartBeatTask:[78] - MasterHeartBeatTask finished...
[WI-0][TI-0] - [WARN] 2026-06-08 22:45:06.439 +0800 c.g.d.c.m.BaseHeartBeatTask:[78] - MasterHeartBeatTask finished...
[WI-0][TI-0] - [WARN] 2026-06-08 22:45:06.439 +0800 c.g.d.s.m.e.TaskGroupCoordinator:[453] - TaskGroupCoordinator is already closed
[WI-0][TI-0] - [WARN] 2026-06-08 22:45:06.440 +0800 c.g.d.s.m.e.TaskGroupCoordinator:[453] - TaskGroupCoordinator is already closed
[WI-0][TI-0] - [WARN] 2026-06-08 22:45:08.205 +0800 c.g.d.c.m.BaseHeartBeatTask:[78] - MasterHeartBeatTask finished...
[WI-0][TI-0] - [WARN] 2026-06-08 22:45:08.207 +0800 c.g.d.c.m.BaseHeartBeatTask:[78] - MasterHeartBeatTask finished...
[WI-0][TI-0] - [ERROR] 2026-06-08 22:45:08.212 +0800 c.g.d.c.t.ThreadUtils:[80] - Current thread sleep error
java.lang.InterruptedException: sleep interrupted
	at java.lang.Thread.sleep(Native Method)
	at com.gyyun.ds.common.thread.ThreadUtils.sleep(ThreadUtils.java:77)
	at com.gyyun.ds.server.master.engine.TaskGroupCoordinator.doStart(TaskGroupCoordinator.java:106)
	at java.lang.Thread.run(Thread.java:750)
[WI-0][TI-0] - [WARN] 2026-06-08 22:45:08.217 +0800 c.g.d.s.m.e.t.d.WorkerGroupDispatcher:[187] - The WorkerGroupDispatcher: WorkerGroupTaskDispatcher-default doesn't started
[WI-0][TI-0] - [WARN] 2026-06-08 22:45:08.219 +0800 c.g.d.s.m.e.t.d.WorkerGroupDispatcher:[187] - The WorkerGroupDispatcher: WorkerGroupTaskDispatcher-default doesn't started
[WI-0][TI-0] - [WARN] 2026-06-08 22:45:08.219 +0800 o.s.b.f.s.DisposableBeanAdapter:[253] - Invocation of close method failed on bean with name 'workflowEngine': org.springframework.beans.factory.BeanCreationNotAllowedException: Error creating bean with name 'workflowEventBusFireWorkers': Singleton bean creation not allowed while singletons of this factory are in destruction (Do not request a bean from a BeanFactory in a destroy method implementation!)
[WI-0][TI-0] - [WARN] 2026-06-08 22:45:08.219 +0800 o.s.b.f.s.DisposableBeanAdapter:[253] - Invocation of close method failed on bean with name 'workflowEventBusCoordinator': org.springframework.beans.factory.BeanCreationNotAllowedException: Error creating bean with name 'workflowEventBusFireWorkers': Singleton bean creation not allowed while singletons of this factory are in destruction (Do not request a bean from a BeanFactory in a destroy method implementation!)
[WI-0][TI-0] - [WARN] 2026-06-08 22:45:08.219 +0800 c.g.d.s.m.e.t.d.WorkerGroupDispatcher:[187] - The WorkerGroupDispatcher: WorkerGroupTaskDispatcher-default doesn't started
[WI-0][TI-0] - [WARN] 2026-06-08 22:45:08.220 +0800 c.g.d.c.m.BaseHeartBeatTask:[78] - MasterHeartBeatTask finished...
[WI-0][TI-0] - [WARN] 2026-06-08 22:45:08.220 +0800 c.g.d.c.m.BaseHeartBeatTask:[78] - MasterHeartBeatTask finished...
[WI-0][TI-0] - [WARN] 2026-06-08 22:45:08.220 +0800 c.g.d.s.m.e.TaskGroupCoordinator:[453] - TaskGroupCoordinator is already closed
[WI-0][TI-0] - [WARN] 2026-06-08 22:45:08.221 +0800 c.g.d.s.m.e.TaskGroupCoordinator:[453] - TaskGroupCoordinator is already closed
[WI-0][TI-0] - [WARN] 2026-06-08 22:45:08.611 +0800 c.g.d.p.t.a.TaskPluginManager:[44] - The task plugin has already been loaded
[WI-0][TI-0] - [WARN] 2026-06-08 22:45:10.836 +0800 c.g.d.p.t.a.TaskPluginManager:[44] - The task plugin has already been loaded
[WI-1][TI-0] - [ERROR] 2026-06-08 22:45:13.131 +0800 c.g.d.s.m.e.t.s.TaskSubmittedStateAction:[121] - Failed to initialize task execution context, taskName: A
java.lang.IllegalArgumentException: Cannot find the environment: 144873539254368
	at com.gyyun.ds.server.master.runner.TaskExecutionContextFactory.getEnvironmentConfigFromDB(TaskExecutionContextFactory.java:190)
	at com.gyyun.ds.server.master.runner.TaskExecutionContextFactory.createTaskExecutionContext(TaskExecutionContextFactory.java:96)
	at com.gyyun.ds.server.master.engine.task.execution.TaskExecution.initializeTaskExecutionContext(TaskExecution.java:153)
	at com.gyyun.ds.server.master.engine.task.statemachine.TaskSubmittedStateAction.onDispatchEvent(TaskSubmittedStateAction.java:116)
	at com.gyyun.ds.server.master.engine.task.lifecycle.handler.TaskDispatchLifecycleEventHandler.handle(TaskDispatchLifecycleEventHandler.java:40)
	at com.gyyun.ds.server.master.engine.task.lifecycle.handler.TaskDispatchLifecycleEventHandler.handle(TaskDispatchLifecycleEventHandler.java:31)
	at com.gyyun.ds.server.master.engine.task.lifecycle.handler.AbstractTaskLifecycleEventHandler.handle(AbstractTaskLifecycleEventHandler.java:46)
	at com.gyyun.ds.server.master.engine.task.lifecycle.handler.AbstractTaskLifecycleEventHandler.handle(AbstractTaskLifecycleEventHandler.java:32)
	at com.gyyun.ds.server.master.engine.WorkflowEventBusFireWorker.doFireSingleEvent(WorkflowEventBusFireWorker.java:158)
	at com.gyyun.ds.server.master.engine.WorkflowEventBusFireWorker.doFireSingleWorkflowEventBus(WorkflowEventBusFireWorker.java:125)
	at com.gyyun.ds.server.master.engine.WorkflowEventBusFireWorker.fireAllRegisteredEvent(WorkflowEventBusFireWorker.java:89)
	at java.util.concurrent.Executors$RunnableAdapter.call(Executors.java:511)
	at java.util.concurrent.FutureTask.runAndReset(FutureTask.java:308)
	at java.util.concurrent.ScheduledThreadPoolExecutor$ScheduledFutureTask.access$301(ScheduledThreadPoolExecutor.java:180)
	at java.util.concurrent.ScheduledThreadPoolExecutor$ScheduledFutureTask.run(ScheduledThreadPoolExecutor.java:294)
	at java.util.concurrent.ThreadPoolExecutor.runWorker(ThreadPoolExecutor.java:1149)
	at java.util.concurrent.ThreadPoolExecutor$Worker.run(ThreadPoolExecutor.java:624)
	at java.lang.Thread.run(Thread.java:750)
[WI-1][TI-0] - [ERROR] 2026-06-08 22:45:13.134 +0800 c.g.d.s.m.e.WorkflowEventBusFireWorker:[91] - Fire event failed for WorkflowExecuteRunnable: workflow_with_one_forbidden_condition_task_with_one_fake_predecessor_fatal-20260608224512557
com.gyyun.ds.server.master.engine.exceptions.WorkflowEventFireException: Failed to fire event: TaskDispatchLifecycleEvent{task=A}
	at com.gyyun.ds.server.master.engine.WorkflowEventBusFireWorker.doFireSingleWorkflowEventBus(WorkflowEventBusFireWorker.java:147)
	at com.gyyun.ds.server.master.engine.WorkflowEventBusFireWorker.fireAllRegisteredEvent(WorkflowEventBusFireWorker.java:89)
	at java.util.concurrent.Executors$RunnableAdapter.call(Executors.java:511)
	at java.util.concurrent.FutureTask.runAndReset(FutureTask.java:308)
	at java.util.concurrent.ScheduledThreadPoolExecutor$ScheduledFutureTask.access$301(ScheduledThreadPoolExecutor.java:180)
	at java.util.concurrent.ScheduledThreadPoolExecutor$ScheduledFutureTask.run(ScheduledThreadPoolExecutor.java:294)
	at java.util.concurrent.ThreadPoolExecutor.runWorker(ThreadPoolExecutor.java:1149)
	at java.util.concurrent.ThreadPoolExecutor$Worker.run(ThreadPoolExecutor.java:624)
	at java.lang.Thread.run(Thread.java:750)
Caused by: com.gyyun.ds.server.master.exception.TaskExecutionContextCreateException: Cannot find the environment: 144873539254368
	at com.gyyun.ds.server.master.engine.task.statemachine.TaskSubmittedStateAction.onDispatchEvent(TaskSubmittedStateAction.java:122)
	at com.gyyun.ds.server.master.engine.task.lifecycle.handler.TaskDispatchLifecycleEventHandler.handle(TaskDispatchLifecycleEventHandler.java:40)
	at com.gyyun.ds.server.master.engine.task.lifecycle.handler.TaskDispatchLifecycleEventHandler.handle(TaskDispatchLifecycleEventHandler.java:31)
	at com.gyyun.ds.server.master.engine.task.lifecycle.handler.AbstractTaskLifecycleEventHandler.handle(AbstractTaskLifecycleEventHandler.java:46)
	at com.gyyun.ds.server.master.engine.task.lifecycle.handler.AbstractTaskLifecycleEventHandler.handle(AbstractTaskLifecycleEventHandler.java:32)
	at com.gyyun.ds.server.master.engine.WorkflowEventBusFireWorker.doFireSingleEvent(WorkflowEventBusFireWorker.java:158)
	at com.gyyun.ds.server.master.engine.WorkflowEventBusFireWorker.doFireSingleWorkflowEventBus(WorkflowEventBusFireWorker.java:125)
	... 8 common frames omitted
[WI-0][TI-0] - [WARN] 2026-06-08 22:45:14.356 +0800 c.g.d.c.m.BaseHeartBeatTask:[78] - MasterHeartBeatTask finished...
[WI-0][TI-0] - [WARN] 2026-06-08 22:45:14.358 +0800 c.g.d.c.m.BaseHeartBeatTask:[78] - MasterHeartBeatTask finished...
[WI-0][TI-0] - [ERROR] 2026-06-08 22:45:14.360 +0800 c.g.d.c.t.ThreadUtils:[80] - Current thread sleep error
java.lang.InterruptedException: sleep interrupted
	at java.lang.Thread.sleep(Native Method)
	at com.gyyun.ds.common.thread.ThreadUtils.sleep(ThreadUtils.java:77)
	at com.gyyun.ds.server.master.engine.TaskGroupCoordinator.doStart(TaskGroupCoordinator.java:106)
	at java.lang.Thread.run(Thread.java:750)
[WI-0][TI-0] - [WARN] 2026-06-08 22:45:14.368 +0800 c.g.d.s.m.e.t.d.WorkerGroupDispatcher:[187] - The WorkerGroupDispatcher: WorkerGroupTaskDispatcher-default doesn't started
[WI-0][TI-0] - [WARN] 2026-06-08 22:45:14.369 +0800 c.g.d.s.m.e.t.d.WorkerGroupDispatcher:[187] - The WorkerGroupDispatcher: WorkerGroupTaskDispatcher-default doesn't started
[WI-0][TI-0] - [WARN] 2026-06-08 22:45:14.369 +0800 o.s.b.f.s.DisposableBeanAdapter:[253] - Invocation of close method failed on bean with name 'workflowEngine': org.springframework.beans.factory.BeanCreationNotAllowedException: Error creating bean with name 'workflowEventBusFireWorkers': Singleton bean creation not allowed while singletons of this factory are in destruction (Do not request a bean from a BeanFactory in a destroy method implementation!)
[WI-0][TI-0] - [WARN] 2026-06-08 22:45:14.370 +0800 o.s.b.f.s.DisposableBeanAdapter:[253] - Invocation of close method failed on bean with name 'workflowEventBusCoordinator': org.springframework.beans.factory.BeanCreationNotAllowedException: Error creating bean with name 'workflowEventBusFireWorkers': Singleton bean creation not allowed while singletons of this factory are in destruction (Do not request a bean from a BeanFactory in a destroy method implementation!)
[WI-0][TI-0] - [WARN] 2026-06-08 22:45:14.370 +0800 c.g.d.s.m.e.t.d.WorkerGroupDispatcher:[187] - The WorkerGroupDispatcher: WorkerGroupTaskDispatcher-default doesn't started
[WI-0][TI-0] - [WARN] 2026-06-08 22:45:14.370 +0800 c.g.d.c.m.BaseHeartBeatTask:[78] - MasterHeartBeatTask finished...
[WI-0][TI-0] - [WARN] 2026-06-08 22:45:14.370 +0800 c.g.d.c.m.BaseHeartBeatTask:[78] - MasterHeartBeatTask finished...
[WI-0][TI-0] - [WARN] 2026-06-08 22:45:14.371 +0800 c.g.d.s.m.e.TaskGroupCoordinator:[453] - TaskGroupCoordinator is already closed
[WI-0][TI-0] - [WARN] 2026-06-08 22:45:14.371 +0800 c.g.d.s.m.e.TaskGroupCoordinator:[453] - TaskGroupCoordinator is already closed
[WI-0][TI-0] - [WARN] 2026-06-08 22:45:16.407 +0800 c.g.d.c.m.BaseHeartBeatTask:[78] - MasterHeartBeatTask finished...
[WI-0][TI-0] - [WARN] 2026-06-08 22:45:16.409 +0800 c.g.d.c.m.BaseHeartBeatTask:[78] - MasterHeartBeatTask finished...
[WI-0][TI-0] - [ERROR] 2026-06-08 22:45:16.409 +0800 c.g.d.c.t.ThreadUtils:[80] - Current thread sleep error
java.lang.InterruptedException: sleep interrupted
	at java.lang.Thread.sleep(Native Method)
	at com.gyyun.ds.common.thread.ThreadUtils.sleep(ThreadUtils.java:77)
	at com.gyyun.ds.server.master.engine.TaskGroupCoordinator.doStart(TaskGroupCoordinator.java:106)
	at java.lang.Thread.run(Thread.java:750)
[WI-0][TI-0] - [WARN] 2026-06-08 22:45:16.411 +0800 o.s.b.f.s.DisposableBeanAdapter:[253] - Invocation of close method failed on bean with name 'workflowEngine': org.springframework.beans.factory.BeanCreationNotAllowedException: Error creating bean with name 'workflowEventBusFireWorkers': Singleton bean creation not allowed while singletons of this factory are in destruction (Do not request a bean from a BeanFactory in a destroy method implementation!)
[WI-0][TI-0] - [WARN] 2026-06-08 22:45:16.412 +0800 o.s.b.f.s.DisposableBeanAdapter:[253] - Invocation of close method failed on bean with name 'workflowEventBusCoordinator': org.springframework.beans.factory.BeanCreationNotAllowedException: Error creating bean with name 'workflowEventBusFireWorkers': Singleton bean creation not allowed while singletons of this factory are in destruction (Do not request a bean from a BeanFactory in a destroy method implementation!)
[WI-0][TI-0] - [WARN] 2026-06-08 22:45:16.412 +0800 c.g.d.c.m.BaseHeartBeatTask:[78] - MasterHeartBeatTask finished...
[WI-0][TI-0] - [WARN] 2026-06-08 22:45:16.412 +0800 c.g.d.c.m.BaseHeartBeatTask:[78] - MasterHeartBeatTask finished...
[WI-0][TI-0] - [WARN] 2026-06-08 22:45:16.413 +0800 c.g.d.s.m.e.TaskGroupCoordinator:[453] - TaskGroupCoordinator is already closed
[WI-0][TI-0] - [WARN] 2026-06-08 22:45:16.413 +0800 c.g.d.s.m.e.TaskGroupCoordinator:[453] - TaskGroupCoordinator is already closed
[WI-0][TI-0] - [WARN] 2026-06-08 22:45:16.561 +0800 c.g.d.p.t.a.TaskPluginManager:[44] - The task plugin has already been loaded
[WI-0][TI-0] - [WARN] 2026-06-08 22:45:19.020 +0800 c.g.d.p.t.a.TaskPluginManager:[44] - The task plugin has already been loaded
[WI-1][TI-0] - [ERROR] 2026-06-08 22:45:21.308 +0800 c.g.d.s.m.e.t.s.TaskSubmittedStateAction:[121] - Failed to initialize task execution context, taskName: A
java.lang.IllegalArgumentException: Cannot find the environment: 144873539254368
	at com.gyyun.ds.server.master.runner.TaskExecutionContextFactory.getEnvironmentConfigFromDB(TaskExecutionContextFactory.java:190)
	at com.gyyun.ds.server.master.runner.TaskExecutionContextFactory.createTaskExecutionContext(TaskExecutionContextFactory.java:96)
	at com.gyyun.ds.server.master.engine.task.execution.TaskExecution.initializeTaskExecutionContext(TaskExecution.java:153)
	at com.gyyun.ds.server.master.engine.task.statemachine.TaskSubmittedStateAction.onDispatchEvent(TaskSubmittedStateAction.java:116)
	at com.gyyun.ds.server.master.engine.task.lifecycle.handler.TaskDispatchLifecycleEventHandler.handle(TaskDispatchLifecycleEventHandler.java:40)
	at com.gyyun.ds.server.master.engine.task.lifecycle.handler.TaskDispatchLifecycleEventHandler.handle(TaskDispatchLifecycleEventHandler.java:31)
	at com.gyyun.ds.server.master.engine.task.lifecycle.handler.AbstractTaskLifecycleEventHandler.handle(AbstractTaskLifecycleEventHandler.java:46)
	at com.gyyun.ds.server.master.engine.task.lifecycle.handler.AbstractTaskLifecycleEventHandler.handle(AbstractTaskLifecycleEventHandler.java:32)
	at com.gyyun.ds.server.master.engine.WorkflowEventBusFireWorker.doFireSingleEvent(WorkflowEventBusFireWorker.java:158)
	at com.gyyun.ds.server.master.engine.WorkflowEventBusFireWorker.doFireSingleWorkflowEventBus(WorkflowEventBusFireWorker.java:125)
	at com.gyyun.ds.server.master.engine.WorkflowEventBusFireWorker.fireAllRegisteredEvent(WorkflowEventBusFireWorker.java:89)
	at java.util.concurrent.Executors$RunnableAdapter.call(Executors.java:511)
	at java.util.concurrent.FutureTask.runAndReset(FutureTask.java:308)
	at java.util.concurrent.ScheduledThreadPoolExecutor$ScheduledFutureTask.access$301(ScheduledThreadPoolExecutor.java:180)
	at java.util.concurrent.ScheduledThreadPoolExecutor$ScheduledFutureTask.run(ScheduledThreadPoolExecutor.java:294)
	at java.util.concurrent.ThreadPoolExecutor.runWorker(ThreadPoolExecutor.java:1149)
	at java.util.concurrent.ThreadPoolExecutor$Worker.run(ThreadPoolExecutor.java:624)
	at java.lang.Thread.run(Thread.java:750)
[WI-1][TI-0] - [ERROR] 2026-06-08 22:45:21.311 +0800 c.g.d.s.m.e.WorkflowEventBusFireWorker:[91] - Fire event failed for WorkflowExecuteRunnable: workflow_with_one_condition_task_with_one_fake_predecessor_fatal-20260608224520786
com.gyyun.ds.server.master.engine.exceptions.WorkflowEventFireException: Failed to fire event: TaskDispatchLifecycleEvent{task=A}
	at com.gyyun.ds.server.master.engine.WorkflowEventBusFireWorker.doFireSingleWorkflowEventBus(WorkflowEventBusFireWorker.java:147)
	at com.gyyun.ds.server.master.engine.WorkflowEventBusFireWorker.fireAllRegisteredEvent(WorkflowEventBusFireWorker.java:89)
	at java.util.concurrent.Executors$RunnableAdapter.call(Executors.java:511)
	at java.util.concurrent.FutureTask.runAndReset(FutureTask.java:308)
	at java.util.concurrent.ScheduledThreadPoolExecutor$ScheduledFutureTask.access$301(ScheduledThreadPoolExecutor.java:180)
	at java.util.concurrent.ScheduledThreadPoolExecutor$ScheduledFutureTask.run(ScheduledThreadPoolExecutor.java:294)
	at java.util.concurrent.ThreadPoolExecutor.runWorker(ThreadPoolExecutor.java:1149)
	at java.util.concurrent.ThreadPoolExecutor$Worker.run(ThreadPoolExecutor.java:624)
	at java.lang.Thread.run(Thread.java:750)
Caused by: com.gyyun.ds.server.master.exception.TaskExecutionContextCreateException: Cannot find the environment: 144873539254368
	at com.gyyun.ds.server.master.engine.task.statemachine.TaskSubmittedStateAction.onDispatchEvent(TaskSubmittedStateAction.java:122)
	at com.gyyun.ds.server.master.engine.task.lifecycle.handler.TaskDispatchLifecycleEventHandler.handle(TaskDispatchLifecycleEventHandler.java:40)
	at com.gyyun.ds.server.master.engine.task.lifecycle.handler.TaskDispatchLifecycleEventHandler.handle(TaskDispatchLifecycleEventHandler.java:31)
	at com.gyyun.ds.server.master.engine.task.lifecycle.handler.AbstractTaskLifecycleEventHandler.handle(AbstractTaskLifecycleEventHandler.java:46)
	at com.gyyun.ds.server.master.engine.task.lifecycle.handler.AbstractTaskLifecycleEventHandler.handle(AbstractTaskLifecycleEventHandler.java:32)
	at com.gyyun.ds.server.master.engine.WorkflowEventBusFireWorker.doFireSingleEvent(WorkflowEventBusFireWorker.java:158)
	at com.gyyun.ds.server.master.engine.WorkflowEventBusFireWorker.doFireSingleWorkflowEventBus(WorkflowEventBusFireWorker.java:125)
	... 8 common frames omitted
[WI-0][TI-0] - [WARN] 2026-06-08 22:45:22.365 +0800 c.g.d.c.m.BaseHeartBeatTask:[78] - MasterHeartBeatTask finished...
[WI-0][TI-0] - [WARN] 2026-06-08 22:45:22.367 +0800 c.g.d.c.m.BaseHeartBeatTask:[78] - MasterHeartBeatTask finished...
[WI-0][TI-0] - [ERROR] 2026-06-08 22:45:22.369 +0800 c.g.d.c.t.ThreadUtils:[80] - Current thread sleep error
java.lang.InterruptedException: sleep interrupted
	at java.lang.Thread.sleep(Native Method)
	at com.gyyun.ds.common.thread.ThreadUtils.sleep(ThreadUtils.java:77)
	at com.gyyun.ds.server.master.engine.TaskGroupCoordinator.doStart(TaskGroupCoordinator.java:106)
	at java.lang.Thread.run(Thread.java:750)
[WI-0][TI-0] - [WARN] 2026-06-08 22:45:22.379 +0800 c.g.d.s.m.e.t.d.WorkerGroupDispatcher:[187] - The WorkerGroupDispatcher: WorkerGroupTaskDispatcher-default doesn't started
[WI-0][TI-0] - [WARN] 2026-06-08 22:45:22.381 +0800 c.g.d.s.m.e.t.d.WorkerGroupDispatcher:[187] - The WorkerGroupDispatcher: WorkerGroupTaskDispatcher-default doesn't started
[WI-0][TI-0] - [WARN] 2026-06-08 22:45:22.381 +0800 o.s.b.f.s.DisposableBeanAdapter:[253] - Invocation of close method failed on bean with name 'workflowEngine': org.springframework.beans.factory.BeanCreationNotAllowedException: Error creating bean with name 'workflowEventBusFireWorkers': Singleton bean creation not allowed while singletons of this factory are in destruction (Do not request a bean from a BeanFactory in a destroy method implementation!)
[WI-0][TI-0] - [WARN] 2026-06-08 22:45:22.381 +0800 o.s.b.f.s.DisposableBeanAdapter:[253] - Invocation of close method failed on bean with name 'workflowEventBusCoordinator': org.springframework.beans.factory.BeanCreationNotAllowedException: Error creating bean with name 'workflowEventBusFireWorkers': Singleton bean creation not allowed while singletons of this factory are in destruction (Do not request a bean from a BeanFactory in a destroy method implementation!)
[WI-0][TI-0] - [WARN] 2026-06-08 22:45:22.382 +0800 c.g.d.s.m.e.t.d.WorkerGroupDispatcher:[187] - The WorkerGroupDispatcher: WorkerGroupTaskDispatcher-default doesn't started
[WI-0][TI-0] - [WARN] 2026-06-08 22:45:22.382 +0800 c.g.d.c.m.BaseHeartBeatTask:[78] - MasterHeartBeatTask finished...
[WI-0][TI-0] - [WARN] 2026-06-08 22:45:22.382 +0800 c.g.d.c.m.BaseHeartBeatTask:[78] - MasterHeartBeatTask finished...
[WI-0][TI-0] - [WARN] 2026-06-08 22:45:22.383 +0800 c.g.d.s.m.e.TaskGroupCoordinator:[453] - TaskGroupCoordinator is already closed
[WI-0][TI-0] - [WARN] 2026-06-08 22:45:22.383 +0800 c.g.d.s.m.e.TaskGroupCoordinator:[453] - TaskGroupCoordinator is already closed
[WI-0][TI-0] - [WARN] 2026-06-08 22:45:24.524 +0800 c.g.d.p.t.a.TaskPluginManager:[44] - The task plugin has already been loaded
[WI-0][TI-0] - [WARN] 2026-06-08 22:45:25.268 +0800 c.g.d.c.m.BaseHeartBeatTask:[78] - MasterHeartBeatTask finished...
[WI-0][TI-0] - [WARN] 2026-06-08 22:45:25.270 +0800 c.g.d.c.m.BaseHeartBeatTask:[78] - MasterHeartBeatTask finished...
[WI-0][TI-0] - [ERROR] 2026-06-08 22:45:25.270 +0800 c.g.d.c.t.ThreadUtils:[80] - Current thread sleep error
java.lang.InterruptedException: sleep interrupted
	at java.lang.Thread.sleep(Native Method)
	at com.gyyun.ds.common.thread.ThreadUtils.sleep(ThreadUtils.java:77)
	at com.gyyun.ds.server.master.engine.TaskGroupCoordinator.doStart(TaskGroupCoordinator.java:106)
	at java.lang.Thread.run(Thread.java:750)
[WI-0][TI-0] - [WARN] 2026-06-08 22:45:25.274 +0800 c.g.d.s.m.e.t.d.WorkerGroupDispatcher:[187] - The WorkerGroupDispatcher: WorkerGroupTaskDispatcher-default doesn't started
[WI-0][TI-0] - [WARN] 2026-06-08 22:45:25.275 +0800 c.g.d.s.m.e.t.d.WorkerGroupDispatcher:[187] - The WorkerGroupDispatcher: WorkerGroupTaskDispatcher-default doesn't started
[WI-0][TI-0] - [WARN] 2026-06-08 22:45:25.275 +0800 o.s.b.f.s.DisposableBeanAdapter:[253] - Invocation of close method failed on bean with name 'workflowEngine': org.springframework.beans.factory.BeanCreationNotAllowedException: Error creating bean with name 'workflowEventBusFireWorkers': Singleton bean creation not allowed while singletons of this factory are in destruction (Do not request a bean from a BeanFactory in a destroy method implementation!)
[WI-0][TI-0] - [WARN] 2026-06-08 22:45:25.275 +0800 o.s.b.f.s.DisposableBeanAdapter:[253] - Invocation of close method failed on bean with name 'workflowEventBusCoordinator': org.springframework.beans.factory.BeanCreationNotAllowedException: Error creating bean with name 'workflowEventBusFireWorkers': Singleton bean creation not allowed while singletons of this factory are in destruction (Do not request a bean from a BeanFactory in a destroy method implementation!)
[WI-0][TI-0] - [WARN] 2026-06-08 22:45:25.276 +0800 c.g.d.s.m.e.t.d.WorkerGroupDispatcher:[187] - The WorkerGroupDispatcher: WorkerGroupTaskDispatcher-default doesn't started
[WI-0][TI-0] - [WARN] 2026-06-08 22:45:25.276 +0800 c.g.d.c.m.BaseHeartBeatTask:[78] - MasterHeartBeatTask finished...
[WI-0][TI-0] - [WARN] 2026-06-08 22:45:25.276 +0800 c.g.d.c.m.BaseHeartBeatTask:[78] - MasterHeartBeatTask finished...
[WI-0][TI-0] - [WARN] 2026-06-08 22:45:25.277 +0800 c.g.d.s.m.e.TaskGroupCoordinator:[453] - TaskGroupCoordinator is already closed
[WI-0][TI-0] - [WARN] 2026-06-08 22:45:25.277 +0800 c.g.d.s.m.e.TaskGroupCoordinator:[453] - TaskGroupCoordinator is already closed
[WI-1][TI-0] - [WARN] 2026-06-08 22:45:26.808 +0800 c.g.d.s.e.CuringParamsServiceImpl:[241] - Skipped invalid parameter entry: key='null', value=Property(prop=null, direct=IN, type=VARCHAR, value=commandParam)
[WI-1][TI-0] - [WARN] 2026-06-08 22:45:26.810 +0800 c.g.d.s.e.CuringParamsServiceImpl:[241] - Skipped invalid parameter entry: key='', value=Property(prop=, direct=IN, type=VARCHAR, value=)
[WI-1][TI-0] - [WARN] 2026-06-08 22:45:26.811 +0800 c.g.d.s.e.CuringParamsServiceImpl:[241] - Skipped invalid parameter entry: key='null', value=Property(prop=null, direct=IN, type=VARCHAR, value=commandParam)
[WI-1][TI-0] - [WARN] 2026-06-08 22:45:26.811 +0800 c.g.d.s.e.CuringParamsServiceImpl:[241] - Skipped invalid parameter entry: key='null', value=Property(prop=null, direct=IN, type=VARCHAR, value=)
[WI-0][TI-0] - [WARN] 2026-06-08 22:45:27.591 +0800 c.g.d.p.t.a.TaskPluginManager:[44] - The task plugin has already been loaded
[WI-0][TI-0] - [WARN] 2026-06-08 22:45:30.147 +0800 c.g.d.c.m.BaseHeartBeatTask:[78] - MasterHeartBeatTask finished...
[WI-0][TI-0] - [WARN] 2026-06-08 22:45:30.149 +0800 c.g.d.c.m.BaseHeartBeatTask:[78] - MasterHeartBeatTask finished...
[WI-0][TI-0] - [ERROR] 2026-06-08 22:45:30.151 +0800 c.g.d.c.t.ThreadUtils:[80] - Current thread sleep error
java.lang.InterruptedException: sleep interrupted
	at java.lang.Thread.sleep(Native Method)
	at com.gyyun.ds.common.thread.ThreadUtils.sleep(ThreadUtils.java:77)
	at com.gyyun.ds.server.master.engine.TaskGroupCoordinator.doStart(TaskGroupCoordinator.java:106)
	at java.lang.Thread.run(Thread.java:750)
[WI-0][TI-0] - [WARN] 2026-06-08 22:45:30.155 +0800 c.g.d.s.m.e.t.d.WorkerGroupDispatcher:[187] - The WorkerGroupDispatcher: WorkerGroupTaskDispatcher-default doesn't started
[WI-0][TI-0] - [WARN] 2026-06-08 22:45:30.157 +0800 c.g.d.s.m.e.t.d.WorkerGroupDispatcher:[187] - The WorkerGroupDispatcher: WorkerGroupTaskDispatcher-default doesn't started
[WI-0][TI-0] - [WARN] 2026-06-08 22:45:30.158 +0800 o.s.b.f.s.DisposableBeanAdapter:[253] - Invocation of close method failed on bean with name 'workflowEngine': org.springframework.beans.factory.BeanCreationNotAllowedException: Error creating bean with name 'workflowEventBusFireWorkers': Singleton bean creation not allowed while singletons of this factory are in destruction (Do not request a bean from a BeanFactory in a destroy method implementation!)
[WI-0][TI-0] - [WARN] 2026-06-08 22:45:30.160 +0800 o.s.b.f.s.DisposableBeanAdapter:[253] - Invocation of close method failed on bean with name 'workflowEventBusCoordinator': org.springframework.beans.factory.BeanCreationNotAllowedException: Error creating bean with name 'workflowEventBusFireWorkers': Singleton bean creation not allowed while singletons of this factory are in destruction (Do not request a bean from a BeanFactory in a destroy method implementation!)
[WI-0][TI-0] - [WARN] 2026-06-08 22:45:30.160 +0800 c.g.d.s.m.e.t.d.WorkerGroupDispatcher:[187] - The WorkerGroupDispatcher: WorkerGroupTaskDispatcher-default doesn't started
[WI-0][TI-0] - [WARN] 2026-06-08 22:45:30.160 +0800 c.g.d.c.m.BaseHeartBeatTask:[78] - MasterHeartBeatTask finished...
[WI-0][TI-0] - [WARN] 2026-06-08 22:45:30.161 +0800 c.g.d.c.m.BaseHeartBeatTask:[78] - MasterHeartBeatTask finished...
[WI-0][TI-0] - [WARN] 2026-06-08 22:45:30.161 +0800 c.g.d.s.m.e.TaskGroupCoordinator:[453] - TaskGroupCoordinator is already closed
[WI-0][TI-0] - [WARN] 2026-06-08 22:45:30.161 +0800 c.g.d.s.m.e.TaskGroupCoordinator:[453] - TaskGroupCoordinator is already closed
[WI-0][TI-0] - [WARN] 2026-06-08 22:45:32.212 +0800 c.g.d.p.t.a.TaskPluginManager:[44] - The task plugin has already been loaded
[WI-0][TI-0] - [WARN] 2026-06-08 22:45:34.005 +0800 c.g.d.c.m.BaseHeartBeatTask:[78] - MasterHeartBeatTask finished...
[WI-0][TI-0] - [WARN] 2026-06-08 22:45:34.007 +0800 c.g.d.c.m.BaseHeartBeatTask:[78] - MasterHeartBeatTask finished...
[WI-0][TI-0] - [ERROR] 2026-06-08 22:45:34.009 +0800 c.g.d.c.t.ThreadUtils:[80] - Current thread sleep error
java.lang.InterruptedException: sleep interrupted
	at java.lang.Thread.sleep(Native Method)
	at com.gyyun.ds.common.thread.ThreadUtils.sleep(ThreadUtils.java:77)
	at com.gyyun.ds.server.master.engine.TaskGroupCoordinator.doStart(TaskGroupCoordinator.java:106)
	at java.lang.Thread.run(Thread.java:750)
[WI-0][TI-0] - [WARN] 2026-06-08 22:45:34.013 +0800 c.g.d.s.m.e.t.d.WorkerGroupDispatcher:[187] - The WorkerGroupDispatcher: WorkerGroupTaskDispatcher-default doesn't started
[WI-0][TI-0] - [WARN] 2026-06-08 22:45:34.015 +0800 c.g.d.s.m.e.t.d.WorkerGroupDispatcher:[187] - The WorkerGroupDispatcher: WorkerGroupTaskDispatcher-default doesn't started
[WI-0][TI-0] - [WARN] 2026-06-08 22:45:34.015 +0800 o.s.b.f.s.DisposableBeanAdapter:[253] - Invocation of close method failed on bean with name 'workflowEngine': org.springframework.beans.factory.BeanCreationNotAllowedException: Error creating bean with name 'workflowEventBusFireWorkers': Singleton bean creation not allowed while singletons of this factory are in destruction (Do not request a bean from a BeanFactory in a destroy method implementation!)
[WI-0][TI-0] - [WARN] 2026-06-08 22:45:34.016 +0800 o.s.b.f.s.DisposableBeanAdapter:[253] - Invocation of close method failed on bean with name 'workflowEventBusCoordinator': org.springframework.beans.factory.BeanCreationNotAllowedException: Error creating bean with name 'workflowEventBusFireWorkers': Singleton bean creation not allowed while singletons of this factory are in destruction (Do not request a bean from a BeanFactory in a destroy method implementation!)
[WI-0][TI-0] - [WARN] 2026-06-08 22:45:34.016 +0800 c.g.d.s.m.e.t.d.WorkerGroupDispatcher:[187] - The WorkerGroupDispatcher: WorkerGroupTaskDispatcher-default doesn't started
[WI-0][TI-0] - [WARN] 2026-06-08 22:45:34.016 +0800 c.g.d.c.m.BaseHeartBeatTask:[78] - MasterHeartBeatTask finished...
[WI-0][TI-0] - [WARN] 2026-06-08 22:45:34.017 +0800 c.g.d.c.m.BaseHeartBeatTask:[78] - MasterHeartBeatTask finished...
[WI-0][TI-0] - [WARN] 2026-06-08 22:45:34.017 +0800 c.g.d.s.m.e.TaskGroupCoordinator:[453] - TaskGroupCoordinator is already closed
[WI-0][TI-0] - [WARN] 2026-06-08 22:45:34.017 +0800 c.g.d.s.m.e.TaskGroupCoordinator:[453] - TaskGroupCoordinator is already closed
[WI-0][TI-0] - [WARN] 2026-06-08 22:45:36.085 +0800 c.g.d.p.t.a.TaskPluginManager:[44] - The task plugin has already been loaded
[WI-0][TI-0] - [WARN] 2026-06-08 22:45:38.573 +0800 c.g.d.c.m.BaseHeartBeatTask:[78] - MasterHeartBeatTask finished...
[WI-0][TI-0] - [WARN] 2026-06-08 22:45:38.576 +0800 c.g.d.c.m.BaseHeartBeatTask:[78] - MasterHeartBeatTask finished...
[WI-0][TI-0] - [ERROR] 2026-06-08 22:45:38.577 +0800 c.g.d.c.t.ThreadUtils:[80] - Current thread sleep error
java.lang.InterruptedException: sleep interrupted
	at java.lang.Thread.sleep(Native Method)
	at com.gyyun.ds.common.thread.ThreadUtils.sleep(ThreadUtils.java:77)
	at com.gyyun.ds.server.master.engine.TaskGroupCoordinator.doStart(TaskGroupCoordinator.java:106)
	at java.lang.Thread.run(Thread.java:750)
[WI-0][TI-0] - [WARN] 2026-06-08 22:45:38.585 +0800 c.g.d.s.m.e.t.d.WorkerGroupDispatcher:[187] - The WorkerGroupDispatcher: WorkerGroupTaskDispatcher-default doesn't started
[WI-0][TI-0] - [WARN] 2026-06-08 22:45:38.586 +0800 c.g.d.s.m.e.t.d.WorkerGroupDispatcher:[187] - The WorkerGroupDispatcher: WorkerGroupTaskDispatcher-default doesn't started
[WI-0][TI-0] - [WARN] 2026-06-08 22:45:38.586 +0800 o.s.b.f.s.DisposableBeanAdapter:[253] - Invocation of close method failed on bean with name 'workflowEngine': org.springframework.beans.factory.BeanCreationNotAllowedException: Error creating bean with name 'workflowEventBusFireWorkers': Singleton bean creation not allowed while singletons of this factory are in destruction (Do not request a bean from a BeanFactory in a destroy method implementation!)
[WI-0][TI-0] - [WARN] 2026-06-08 22:45:38.586 +0800 o.s.b.f.s.DisposableBeanAdapter:[253] - Invocation of close method failed on bean with name 'workflowEventBusCoordinator': org.springframework.beans.factory.BeanCreationNotAllowedException: Error creating bean with name 'workflowEventBusFireWorkers': Singleton bean creation not allowed while singletons of this factory are in destruction (Do not request a bean from a BeanFactory in a destroy method implementation!)
[WI-0][TI-0] - [WARN] 2026-06-08 22:45:38.586 +0800 c.g.d.s.m.e.t.d.WorkerGroupDispatcher:[187] - The WorkerGroupDispatcher: WorkerGroupTaskDispatcher-default doesn't started
[WI-0][TI-0] - [WARN] 2026-06-08 22:45:38.586 +0800 c.g.d.c.m.BaseHeartBeatTask:[78] - MasterHeartBeatTask finished...
[WI-0][TI-0] - [WARN] 2026-06-08 22:45:38.587 +0800 c.g.d.c.m.BaseHeartBeatTask:[78] - MasterHeartBeatTask finished...
[WI-0][TI-0] - [WARN] 2026-06-08 22:45:38.587 +0800 c.g.d.s.m.e.TaskGroupCoordinator:[453] - TaskGroupCoordinator is already closed
[WI-0][TI-0] - [WARN] 2026-06-08 22:45:38.587 +0800 c.g.d.s.m.e.TaskGroupCoordinator:[453] - TaskGroupCoordinator is already closed
[WI-0][TI-0] - [WARN] 2026-06-08 22:45:40.724 +0800 c.g.d.p.t.a.TaskPluginManager:[44] - The task plugin has already been loaded
[WI-0][TI-0] - [WARN] 2026-06-08 22:45:42.096 +0800 c.g.d.c.m.BaseHeartBeatTask:[78] - MasterHeartBeatTask finished...
[WI-0][TI-0] - [WARN] 2026-06-08 22:45:42.097 +0800 c.g.d.c.m.BaseHeartBeatTask:[78] - MasterHeartBeatTask finished...
[WI-0][TI-0] - [ERROR] 2026-06-08 22:45:42.097 +0800 c.g.d.c.t.ThreadUtils:[80] - Current thread sleep error
java.lang.InterruptedException: sleep interrupted
	at java.lang.Thread.sleep(Native Method)
	at com.gyyun.ds.common.thread.ThreadUtils.sleep(ThreadUtils.java:77)
	at com.gyyun.ds.server.master.engine.TaskGroupCoordinator.doStart(TaskGroupCoordinator.java:106)
	at java.lang.Thread.run(Thread.java:750)
[WI-0][TI-0] - [WARN] 2026-06-08 22:45:42.102 +0800 c.g.d.s.m.e.t.d.WorkerGroupDispatcher:[187] - The WorkerGroupDispatcher: WorkerGroupTaskDispatcher-default doesn't started
[WI-0][TI-0] - [WARN] 2026-06-08 22:45:42.103 +0800 c.g.d.s.m.e.t.d.WorkerGroupDispatcher:[187] - The WorkerGroupDispatcher: WorkerGroupTaskDispatcher-default doesn't started
[WI-0][TI-0] - [WARN] 2026-06-08 22:45:42.103 +0800 o.s.b.f.s.DisposableBeanAdapter:[253] - Invocation of close method failed on bean with name 'workflowEngine': org.springframework.beans.factory.BeanCreationNotAllowedException: Error creating bean with name 'workflowEventBusFireWorkers': Singleton bean creation not allowed while singletons of this factory are in destruction (Do not request a bean from a BeanFactory in a destroy method implementation!)
[WI-0][TI-0] - [WARN] 2026-06-08 22:45:42.104 +0800 o.s.b.f.s.DisposableBeanAdapter:[253] - Invocation of close method failed on bean with name 'workflowEventBusCoordinator': org.springframework.beans.factory.BeanCreationNotAllowedException: Error creating bean with name 'workflowEventBusFireWorkers': Singleton bean creation not allowed while singletons of this factory are in destruction (Do not request a bean from a BeanFactory in a destroy method implementation!)
[WI-0][TI-0] - [WARN] 2026-06-08 22:45:42.104 +0800 c.g.d.s.m.e.t.d.WorkerGroupDispatcher:[187] - The WorkerGroupDispatcher: WorkerGroupTaskDispatcher-default doesn't started
[WI-0][TI-0] - [WARN] 2026-06-08 22:45:42.104 +0800 c.g.d.c.m.BaseHeartBeatTask:[78] - MasterHeartBeatTask finished...
[WI-0][TI-0] - [WARN] 2026-06-08 22:45:42.104 +0800 c.g.d.c.m.BaseHeartBeatTask:[78] - MasterHeartBeatTask finished...
[WI-0][TI-0] - [WARN] 2026-06-08 22:45:42.105 +0800 c.g.d.s.m.e.TaskGroupCoordinator:[453] - TaskGroupCoordinator is already closed
[WI-0][TI-0] - [WARN] 2026-06-08 22:45:42.105 +0800 c.g.d.s.m.e.TaskGroupCoordinator:[453] - TaskGroupCoordinator is already closed
[WI-0][TI-0] - [WARN] 2026-06-08 22:45:44.267 +0800 c.g.d.p.t.a.TaskPluginManager:[44] - The task plugin has already been loaded
[WI-0][TI-0] - [WARN] 2026-06-08 22:45:50.016 +0800 c.g.d.c.m.BaseHeartBeatTask:[78] - MasterHeartBeatTask finished...
[WI-0][TI-0] - [WARN] 2026-06-08 22:45:50.018 +0800 c.g.d.c.m.BaseHeartBeatTask:[78] - MasterHeartBeatTask finished...
[WI-0][TI-0] - [ERROR] 2026-06-08 22:45:50.019 +0800 c.g.d.c.t.ThreadUtils:[80] - Current thread sleep error
java.lang.InterruptedException: sleep interrupted
	at java.lang.Thread.sleep(Native Method)
	at com.gyyun.ds.common.thread.ThreadUtils.sleep(ThreadUtils.java:77)
	at com.gyyun.ds.server.master.engine.TaskGroupCoordinator.doStart(TaskGroupCoordinator.java:106)
	at java.lang.Thread.run(Thread.java:750)
[WI-0][TI-0] - [WARN] 2026-06-08 22:45:50.056 +0800 c.g.d.s.m.e.t.d.WorkerGroupDispatcher:[187] - The WorkerGroupDispatcher: WorkerGroupTaskDispatcher-default doesn't started
[WI-0][TI-0] - [WARN] 2026-06-08 22:45:50.057 +0800 c.g.d.s.m.e.t.d.WorkerGroupDispatcher:[187] - The WorkerGroupDispatcher: WorkerGroupTaskDispatcher-default doesn't started
[WI-0][TI-0] - [WARN] 2026-06-08 22:45:50.058 +0800 o.s.b.f.s.DisposableBeanAdapter:[253] - Invocation of close method failed on bean with name 'workflowEngine': org.springframework.beans.factory.BeanCreationNotAllowedException: Error creating bean with name 'workflowEventBusFireWorkers': Singleton bean creation not allowed while singletons of this factory are in destruction (Do not request a bean from a BeanFactory in a destroy method implementation!)
[WI-0][TI-0] - [WARN] 2026-06-08 22:45:50.058 +0800 o.s.b.f.s.DisposableBeanAdapter:[253] - Invocation of close method failed on bean with name 'workflowEventBusCoordinator': org.springframework.beans.factory.BeanCreationNotAllowedException: Error creating bean with name 'workflowEventBusFireWorkers': Singleton bean creation not allowed while singletons of this factory are in destruction (Do not request a bean from a BeanFactory in a destroy method implementation!)
[WI-0][TI-0] - [WARN] 2026-06-08 22:45:50.059 +0800 c.g.d.s.m.e.t.d.WorkerGroupDispatcher:[187] - The WorkerGroupDispatcher: WorkerGroupTaskDispatcher-default doesn't started
[WI-0][TI-0] - [WARN] 2026-06-08 22:45:50.059 +0800 c.g.d.c.m.BaseHeartBeatTask:[78] - MasterHeartBeatTask finished...
[WI-0][TI-0] - [WARN] 2026-06-08 22:45:50.059 +0800 c.g.d.c.m.BaseHeartBeatTask:[78] - MasterHeartBeatTask finished...
[WI-0][TI-0] - [WARN] 2026-06-08 22:45:50.060 +0800 c.g.d.s.m.e.TaskGroupCoordinator:[453] - TaskGroupCoordinator is already closed
[WI-0][TI-0] - [WARN] 2026-06-08 22:45:50.060 +0800 c.g.d.s.m.e.TaskGroupCoordinator:[453] - TaskGroupCoordinator is already closed
[WI-0][TI-0] - [WARN] 2026-06-08 22:45:52.076 +0800 c.g.d.p.t.a.TaskPluginManager:[44] - The task plugin has already been loaded
[WI-0][TI-0] - [WARN] 2026-06-08 22:45:56.236 +0800 c.g.d.c.m.BaseHeartBeatTask:[78] - MasterHeartBeatTask finished...
[WI-0][TI-0] - [WARN] 2026-06-08 22:45:56.238 +0800 c.g.d.c.m.BaseHeartBeatTask:[78] - MasterHeartBeatTask finished...
[WI-0][TI-0] - [ERROR] 2026-06-08 22:45:56.239 +0800 c.g.d.c.t.ThreadUtils:[80] - Current thread sleep error
java.lang.InterruptedException: sleep interrupted
	at java.lang.Thread.sleep(Native Method)
	at com.gyyun.ds.common.thread.ThreadUtils.sleep(ThreadUtils.java:77)
	at com.gyyun.ds.server.master.engine.TaskGroupCoordinator.doStart(TaskGroupCoordinator.java:106)
	at java.lang.Thread.run(Thread.java:750)
[WI-0][TI-0] - [WARN] 2026-06-08 22:45:56.253 +0800 c.g.d.s.m.e.t.d.WorkerGroupDispatcher:[187] - The WorkerGroupDispatcher: WorkerGroupTaskDispatcher-default doesn't started
[WI-0][TI-0] - [WARN] 2026-06-08 22:45:56.254 +0800 c.g.d.s.m.e.t.d.WorkerGroupDispatcher:[187] - The WorkerGroupDispatcher: WorkerGroupTaskDispatcher-default doesn't started
[WI-0][TI-0] - [WARN] 2026-06-08 22:45:56.254 +0800 o.s.b.f.s.DisposableBeanAdapter:[253] - Invocation of close method failed on bean with name 'workflowEngine': org.springframework.beans.factory.BeanCreationNotAllowedException: Error creating bean with name 'workflowEventBusFireWorkers': Singleton bean creation not allowed while singletons of this factory are in destruction (Do not request a bean from a BeanFactory in a destroy method implementation!)
[WI-0][TI-0] - [WARN] 2026-06-08 22:45:56.255 +0800 o.s.b.f.s.DisposableBeanAdapter:[253] - Invocation of close method failed on bean with name 'workflowEventBusCoordinator': org.springframework.beans.factory.BeanCreationNotAllowedException: Error creating bean with name 'workflowEventBusFireWorkers': Singleton bean creation not allowed while singletons of this factory are in destruction (Do not request a bean from a BeanFactory in a destroy method implementation!)
[WI-0][TI-0] - [WARN] 2026-06-08 22:45:56.255 +0800 c.g.d.s.m.e.t.d.WorkerGroupDispatcher:[187] - The WorkerGroupDispatcher: WorkerGroupTaskDispatcher-default doesn't started
[WI-0][TI-0] - [WARN] 2026-06-08 22:45:56.256 +0800 c.g.d.c.m.BaseHeartBeatTask:[78] - MasterHeartBeatTask finished...
[WI-0][TI-0] - [WARN] 2026-06-08 22:45:56.256 +0800 c.g.d.c.m.BaseHeartBeatTask:[78] - MasterHeartBeatTask finished...
[WI-0][TI-0] - [WARN] 2026-06-08 22:45:56.256 +0800 c.g.d.s.m.e.TaskGroupCoordinator:[453] - TaskGroupCoordinator is already closed
[WI-0][TI-0] - [WARN] 2026-06-08 22:45:56.256 +0800 c.g.d.s.m.e.TaskGroupCoordinator:[453] - TaskGroupCoordinator is already closed
[WI-0][TI-0] - [WARN] 2026-06-08 22:45:58.369 +0800 c.g.d.p.t.a.TaskPluginManager:[44] - The task plugin has already been loaded
[WI-0][TI-0] - [WARN] 2026-06-08 22:45:58.436 +0800 c.g.d.c.m.BaseHeartBeatTask:[78] - MasterHeartBeatTask finished...
[WI-0][TI-0] - [WARN] 2026-06-08 22:45:58.438 +0800 c.g.d.c.m.BaseHeartBeatTask:[78] - MasterHeartBeatTask finished...
[WI-0][TI-0] - [ERROR] 2026-06-08 22:45:58.439 +0800 c.g.d.c.t.ThreadUtils:[80] - Current thread sleep error
java.lang.InterruptedException: sleep interrupted
	at java.lang.Thread.sleep(Native Method)
	at com.gyyun.ds.common.thread.ThreadUtils.sleep(ThreadUtils.java:77)
	at com.gyyun.ds.server.master.engine.TaskGroupCoordinator.doStart(TaskGroupCoordinator.java:106)
	at java.lang.Thread.run(Thread.java:750)
[WI-0][TI-0] - [WARN] 2026-06-08 22:45:58.447 +0800 c.g.d.s.m.e.t.d.WorkerGroupDispatcher:[187] - The WorkerGroupDispatcher: WorkerGroupTaskDispatcher-default doesn't started
[WI-0][TI-0] - [WARN] 2026-06-08 22:45:58.448 +0800 c.g.d.s.m.e.t.d.WorkerGroupDispatcher:[187] - The WorkerGroupDispatcher: WorkerGroupTaskDispatcher-default doesn't started
[WI-0][TI-0] - [WARN] 2026-06-08 22:45:58.449 +0800 o.s.b.f.s.DisposableBeanAdapter:[253] - Invocation of close method failed on bean with name 'workflowEngine': org.springframework.beans.factory.BeanCreationNotAllowedException: Error creating bean with name 'workflowEventBusFireWorkers': Singleton bean creation not allowed while singletons of this factory are in destruction (Do not request a bean from a BeanFactory in a destroy method implementation!)
[WI-0][TI-0] - [WARN] 2026-06-08 22:45:58.449 +0800 o.s.b.f.s.DisposableBeanAdapter:[253] - Invocation of close method failed on bean with name 'workflowEventBusCoordinator': org.springframework.beans.factory.BeanCreationNotAllowedException: Error creating bean with name 'workflowEventBusFireWorkers': Singleton bean creation not allowed while singletons of this factory are in destruction (Do not request a bean from a BeanFactory in a destroy method implementation!)
[WI-0][TI-0] - [WARN] 2026-06-08 22:45:58.450 +0800 c.g.d.s.m.e.t.d.WorkerGroupDispatcher:[187] - The WorkerGroupDispatcher: WorkerGroupTaskDispatcher-default doesn't started
[WI-0][TI-0] - [WARN] 2026-06-08 22:45:58.450 +0800 c.g.d.c.m.BaseHeartBeatTask:[78] - MasterHeartBeatTask finished...
[WI-0][TI-0] - [WARN] 2026-06-08 22:45:58.451 +0800 c.g.d.c.m.BaseHeartBeatTask:[78] - MasterHeartBeatTask finished...
[WI-0][TI-0] - [WARN] 2026-06-08 22:45:58.451 +0800 c.g.d.s.m.e.TaskGroupCoordinator:[453] - TaskGroupCoordinator is already closed
[WI-0][TI-0] - [WARN] 2026-06-08 22:45:58.451 +0800 c.g.d.s.m.e.TaskGroupCoordinator:[453] - TaskGroupCoordinator is already closed
[WI-0][TI-0] - [WARN] 2026-06-08 22:46:00.927 +0800 c.g.d.p.t.a.TaskPluginManager:[44] - The task plugin has already been loaded
[WI-0][TI-0] - [WARN] 2026-06-08 22:46:04.249 +0800 c.g.d.c.m.BaseHeartBeatTask:[78] - MasterHeartBeatTask finished...
[WI-0][TI-0] - [WARN] 2026-06-08 22:46:04.252 +0800 c.g.d.c.m.BaseHeartBeatTask:[78] - MasterHeartBeatTask finished...
[WI-0][TI-0] - [ERROR] 2026-06-08 22:46:04.253 +0800 c.g.d.c.t.ThreadUtils:[80] - Current thread sleep error
java.lang.InterruptedException: sleep interrupted
	at java.lang.Thread.sleep(Native Method)
	at com.gyyun.ds.common.thread.ThreadUtils.sleep(ThreadUtils.java:77)
	at com.gyyun.ds.server.master.engine.TaskGroupCoordinator.doStart(TaskGroupCoordinator.java:106)
	at java.lang.Thread.run(Thread.java:750)
[WI-0][TI-0] - [WARN] 2026-06-08 22:46:04.286 +0800 c.g.d.s.m.e.t.d.WorkerGroupDispatcher:[187] - The WorkerGroupDispatcher: WorkerGroupTaskDispatcher-default doesn't started
[WI-0][TI-0] - [WARN] 2026-06-08 22:46:04.287 +0800 c.g.d.s.m.e.t.d.WorkerGroupDispatcher:[187] - The WorkerGroupDispatcher: WorkerGroupTaskDispatcher-default doesn't started
[WI-0][TI-0] - [WARN] 2026-06-08 22:46:04.287 +0800 o.s.b.f.s.DisposableBeanAdapter:[253] - Invocation of close method failed on bean with name 'workflowEngine': org.springframework.beans.factory.BeanCreationNotAllowedException: Error creating bean with name 'workflowEventBusFireWorkers': Singleton bean creation not allowed while singletons of this factory are in destruction (Do not request a bean from a BeanFactory in a destroy method implementation!)
[WI-0][TI-0] - [WARN] 2026-06-08 22:46:04.288 +0800 o.s.b.f.s.DisposableBeanAdapter:[253] - Invocation of close method failed on bean with name 'workflowEventBusCoordinator': org.springframework.beans.factory.BeanCreationNotAllowedException: Error creating bean with name 'workflowEventBusFireWorkers': Singleton bean creation not allowed while singletons of this factory are in destruction (Do not request a bean from a BeanFactory in a destroy method implementation!)
[WI-0][TI-0] - [WARN] 2026-06-08 22:46:04.288 +0800 c.g.d.s.m.e.t.d.WorkerGroupDispatcher:[187] - The WorkerGroupDispatcher: WorkerGroupTaskDispatcher-default doesn't started
[WI-0][TI-0] - [WARN] 2026-06-08 22:46:04.288 +0800 c.g.d.c.m.BaseHeartBeatTask:[78] - MasterHeartBeatTask finished...
[WI-0][TI-0] - [WARN] 2026-06-08 22:46:04.288 +0800 c.g.d.c.m.BaseHeartBeatTask:[78] - MasterHeartBeatTask finished...
[WI-0][TI-0] - [WARN] 2026-06-08 22:46:04.288 +0800 c.g.d.s.m.e.TaskGroupCoordinator:[453] - TaskGroupCoordinator is already closed
[WI-0][TI-0] - [WARN] 2026-06-08 22:46:04.289 +0800 c.g.d.s.m.e.TaskGroupCoordinator:[453] - TaskGroupCoordinator is already closed
[WI-0][TI-0] - [WARN] 2026-06-08 22:46:06.286 +0800 c.g.d.p.t.a.TaskPluginManager:[44] - The task plugin has already been loaded
[WI-0][TI-0] - [WARN] 2026-06-08 22:46:06.414 +0800 c.g.d.c.m.BaseHeartBeatTask:[78] - MasterHeartBeatTask finished...
[WI-0][TI-0] - [WARN] 2026-06-08 22:46:06.415 +0800 c.g.d.c.m.BaseHeartBeatTask:[78] - MasterHeartBeatTask finished...
[WI-0][TI-0] - [ERROR] 2026-06-08 22:46:06.416 +0800 c.g.d.c.t.ThreadUtils:[80] - Current thread sleep error
java.lang.InterruptedException: sleep interrupted
	at java.lang.Thread.sleep(Native Method)
	at com.gyyun.ds.common.thread.ThreadUtils.sleep(ThreadUtils.java:77)
	at com.gyyun.ds.server.master.engine.TaskGroupCoordinator.doStart(TaskGroupCoordinator.java:106)
	at java.lang.Thread.run(Thread.java:750)
[WI-0][TI-0] - [WARN] 2026-06-08 22:46:06.424 +0800 o.s.b.f.s.DisposableBeanAdapter:[253] - Invocation of close method failed on bean with name 'workflowEngine': org.springframework.beans.factory.BeanCreationNotAllowedException: Error creating bean with name 'workflowEventBusFireWorkers': Singleton bean creation not allowed while singletons of this factory are in destruction (Do not request a bean from a BeanFactory in a destroy method implementation!)
[WI-0][TI-0] - [WARN] 2026-06-08 22:46:06.426 +0800 o.s.b.f.s.DisposableBeanAdapter:[253] - Invocation of close method failed on bean with name 'workflowEventBusCoordinator': org.springframework.beans.factory.BeanCreationNotAllowedException: Error creating bean with name 'workflowEventBusFireWorkers': Singleton bean creation not allowed while singletons of this factory are in destruction (Do not request a bean from a BeanFactory in a destroy method implementation!)
[WI-0][TI-0] - [WARN] 2026-06-08 22:46:06.426 +0800 c.g.d.c.m.BaseHeartBeatTask:[78] - MasterHeartBeatTask finished...
[WI-0][TI-0] - [WARN] 2026-06-08 22:46:06.427 +0800 c.g.d.c.m.BaseHeartBeatTask:[78] - MasterHeartBeatTask finished...
[WI-0][TI-0] - [WARN] 2026-06-08 22:46:06.427 +0800 c.g.d.s.m.e.TaskGroupCoordinator:[453] - TaskGroupCoordinator is already closed
[WI-0][TI-0] - [WARN] 2026-06-08 22:46:06.427 +0800 c.g.d.s.m.e.TaskGroupCoordinator:[453] - TaskGroupCoordinator is already closed
[WI-0][TI-0] - [WARN] 2026-06-08 22:46:08.893 +0800 c.g.d.p.t.a.TaskPluginManager:[44] - The task plugin has already been loaded
[WI-0][TI-0] - [WARN] 2026-06-08 22:46:14.360 +0800 c.g.d.c.m.BaseHeartBeatTask:[78] - MasterHeartBeatTask finished...
[WI-0][TI-0] - [WARN] 2026-06-08 22:46:14.361 +0800 c.g.d.c.m.BaseHeartBeatTask:[78] - MasterHeartBeatTask finished...
[WI-0][TI-0] - [ERROR] 2026-06-08 22:46:14.362 +0800 c.g.d.c.t.ThreadUtils:[80] - Current thread sleep error
java.lang.InterruptedException: sleep interrupted
	at java.lang.Thread.sleep(Native Method)
	at com.gyyun.ds.common.thread.ThreadUtils.sleep(ThreadUtils.java:77)
	at com.gyyun.ds.server.master.engine.TaskGroupCoordinator.doStart(TaskGroupCoordinator.java:106)
	at java.lang.Thread.run(Thread.java:750)
[WI-0][TI-0] - [WARN] 2026-06-08 22:46:14.368 +0800 o.s.b.f.s.DisposableBeanAdapter:[253] - Invocation of close method failed on bean with name 'workflowEngine': org.springframework.beans.factory.BeanCreationNotAllowedException: Error creating bean with name 'workflowEventBusFireWorkers': Singleton bean creation not allowed while singletons of this factory are in destruction (Do not request a bean from a BeanFactory in a destroy method implementation!)
[WI-0][TI-0] - [WARN] 2026-06-08 22:46:14.369 +0800 o.s.b.f.s.DisposableBeanAdapter:[253] - Invocation of close method failed on bean with name 'workflowEventBusCoordinator': org.springframework.beans.factory.BeanCreationNotAllowedException: Error creating bean with name 'workflowEventBusFireWorkers': Singleton bean creation not allowed while singletons of this factory are in destruction (Do not request a bean from a BeanFactory in a destroy method implementation!)
[WI-0][TI-0] - [WARN] 2026-06-08 22:46:14.369 +0800 c.g.d.c.m.BaseHeartBeatTask:[78] - MasterHeartBeatTask finished...
[WI-0][TI-0] - [WARN] 2026-06-08 22:46:14.369 +0800 c.g.d.c.m.BaseHeartBeatTask:[78] - MasterHeartBeatTask finished...
[WI-0][TI-0] - [WARN] 2026-06-08 22:46:14.370 +0800 c.g.d.s.m.e.TaskGroupCoordinator:[453] - TaskGroupCoordinator is already closed
[WI-0][TI-0] - [WARN] 2026-06-08 22:46:14.370 +0800 c.g.d.s.m.e.TaskGroupCoordinator:[453] - TaskGroupCoordinator is already closed
[WI-0][TI-0] - [WARN] 2026-06-08 22:46:16.458 +0800 c.g.d.p.t.a.TaskPluginManager:[44] - The task plugin has already been loaded
[WI-0][TI-0] - [WARN] 2026-06-08 22:46:21.794 +0800 c.g.d.c.m.BaseHeartBeatTask:[78] - MasterHeartBeatTask finished...
[WI-0][TI-0] - [WARN] 2026-06-08 22:46:21.795 +0800 c.g.d.c.m.BaseHeartBeatTask:[78] - MasterHeartBeatTask finished...
[WI-0][TI-0] - [ERROR] 2026-06-08 22:46:21.796 +0800 c.g.d.c.t.ThreadUtils:[80] - Current thread sleep error
java.lang.InterruptedException: sleep interrupted
	at java.lang.Thread.sleep(Native Method)
	at com.gyyun.ds.common.thread.ThreadUtils.sleep(ThreadUtils.java:77)
	at com.gyyun.ds.server.master.engine.TaskGroupCoordinator.doStart(TaskGroupCoordinator.java:106)
	at java.lang.Thread.run(Thread.java:750)
[WI-0][TI-0] - [WARN] 2026-06-08 22:46:21.801 +0800 c.g.d.s.m.e.t.d.WorkerGroupDispatcher:[187] - The WorkerGroupDispatcher: WorkerGroupTaskDispatcher-default doesn't started
[WI-0][TI-0] - [WARN] 2026-06-08 22:46:21.802 +0800 c.g.d.s.m.e.t.d.WorkerGroupDispatcher:[187] - The WorkerGroupDispatcher: WorkerGroupTaskDispatcher-default doesn't started
[WI-0][TI-0] - [WARN] 2026-06-08 22:46:21.802 +0800 o.s.b.f.s.DisposableBeanAdapter:[253] - Invocation of close method failed on bean with name 'workflowEngine': org.springframework.beans.factory.BeanCreationNotAllowedException: Error creating bean with name 'workflowEventBusFireWorkers': Singleton bean creation not allowed while singletons of this factory are in destruction (Do not request a bean from a BeanFactory in a destroy method implementation!)
[WI-0][TI-0] - [WARN] 2026-06-08 22:46:21.803 +0800 o.s.b.f.s.DisposableBeanAdapter:[253] - Invocation of close method failed on bean with name 'workflowEventBusCoordinator': org.springframework.beans.factory.BeanCreationNotAllowedException: Error creating bean with name 'workflowEventBusFireWorkers': Singleton bean creation not allowed while singletons of this factory are in destruction (Do not request a bean from a BeanFactory in a destroy method implementation!)
[WI-0][TI-0] - [WARN] 2026-06-08 22:46:21.803 +0800 c.g.d.s.m.e.t.d.WorkerGroupDispatcher:[187] - The WorkerGroupDispatcher: WorkerGroupTaskDispatcher-default doesn't started
[WI-0][TI-0] - [WARN] 2026-06-08 22:46:21.803 +0800 c.g.d.c.m.BaseHeartBeatTask:[78] - MasterHeartBeatTask finished...
[WI-0][TI-0] - [WARN] 2026-06-08 22:46:21.803 +0800 c.g.d.c.m.BaseHeartBeatTask:[78] - MasterHeartBeatTask finished...
[WI-0][TI-0] - [WARN] 2026-06-08 22:46:21.804 +0800 c.g.d.s.m.e.TaskGroupCoordinator:[453] - TaskGroupCoordinator is already closed
[WI-0][TI-0] - [WARN] 2026-06-08 22:46:21.804 +0800 c.g.d.s.m.e.TaskGroupCoordinator:[453] - TaskGroupCoordinator is already closed
[WI-0][TI-0] - [WARN] 2026-06-08 22:46:24.059 +0800 c.g.d.p.t.a.TaskPluginManager:[44] - The task plugin has already been loaded
[WI-0][TI-0] - [WARN] 2026-06-08 22:46:26.958 +0800 c.g.d.c.m.BaseHeartBeatTask:[78] - MasterHeartBeatTask finished...
[WI-0][TI-0] - [WARN] 2026-06-08 22:46:26.960 +0800 c.g.d.c.m.BaseHeartBeatTask:[78] - MasterHeartBeatTask finished...
[WI-0][TI-0] - [ERROR] 2026-06-08 22:46:26.960 +0800 c.g.d.c.t.ThreadUtils:[80] - Current thread sleep error
java.lang.InterruptedException: sleep interrupted
	at java.lang.Thread.sleep(Native Method)
	at com.gyyun.ds.common.thread.ThreadUtils.sleep(ThreadUtils.java:77)
	at com.gyyun.ds.server.master.engine.TaskGroupCoordinator.doStart(TaskGroupCoordinator.java:106)
	at java.lang.Thread.run(Thread.java:750)
[WI-0][TI-0] - [WARN] 2026-06-08 22:46:26.967 +0800 c.g.d.s.m.e.t.d.WorkerGroupDispatcher:[187] - The WorkerGroupDispatcher: WorkerGroupTaskDispatcher-default doesn't started
[WI-0][TI-0] - [WARN] 2026-06-08 22:46:26.967 +0800 c.g.d.s.m.e.t.d.WorkerGroupDispatcher:[187] - The WorkerGroupDispatcher: WorkerGroupTaskDispatcher-default doesn't started
[WI-0][TI-0] - [WARN] 2026-06-08 22:46:26.968 +0800 o.s.b.f.s.DisposableBeanAdapter:[253] - Invocation of close method failed on bean with name 'workflowEngine': org.springframework.beans.factory.BeanCreationNotAllowedException: Error creating bean with name 'workflowEventBusFireWorkers': Singleton bean creation not allowed while singletons of this factory are in destruction (Do not request a bean from a BeanFactory in a destroy method implementation!)
[WI-0][TI-0] - [WARN] 2026-06-08 22:46:26.968 +0800 o.s.b.f.s.DisposableBeanAdapter:[253] - Invocation of close method failed on bean with name 'workflowEventBusCoordinator': org.springframework.beans.factory.BeanCreationNotAllowedException: Error creating bean with name 'workflowEventBusFireWorkers': Singleton bean creation not allowed while singletons of this factory are in destruction (Do not request a bean from a BeanFactory in a destroy method implementation!)
[WI-0][TI-0] - [WARN] 2026-06-08 22:46:26.968 +0800 c.g.d.s.m.e.t.d.WorkerGroupDispatcher:[187] - The WorkerGroupDispatcher: WorkerGroupTaskDispatcher-default doesn't started
[WI-0][TI-0] - [WARN] 2026-06-08 22:46:26.968 +0800 c.g.d.c.m.BaseHeartBeatTask:[78] - MasterHeartBeatTask finished...
[WI-0][TI-0] - [WARN] 2026-06-08 22:46:26.969 +0800 c.g.d.c.m.BaseHeartBeatTask:[78] - MasterHeartBeatTask finished...
[WI-0][TI-0] - [WARN] 2026-06-08 22:46:26.969 +0800 c.g.d.s.m.e.TaskGroupCoordinator:[453] - TaskGroupCoordinator is already closed
[WI-0][TI-0] - [WARN] 2026-06-08 22:46:26.969 +0800 c.g.d.s.m.e.TaskGroupCoordinator:[453] - TaskGroupCoordinator is already closed
[WI-0][TI-0] - [WARN] 2026-06-08 22:46:28.994 +0800 c.g.d.p.t.a.TaskPluginManager:[44] - The task plugin has already been loaded
[WI-0][TI-0] - [WARN] 2026-06-08 22:46:35.889 +0800 c.g.d.c.m.BaseHeartBeatTask:[78] - MasterHeartBeatTask finished...
[WI-0][TI-0] - [WARN] 2026-06-08 22:46:35.890 +0800 c.g.d.c.m.BaseHeartBeatTask:[78] - MasterHeartBeatTask finished...
[WI-0][TI-0] - [ERROR] 2026-06-08 22:46:35.891 +0800 c.g.d.c.t.ThreadUtils:[80] - Current thread sleep error
java.lang.InterruptedException: sleep interrupted
	at java.lang.Thread.sleep(Native Method)
	at com.gyyun.ds.common.thread.ThreadUtils.sleep(ThreadUtils.java:77)
	at com.gyyun.ds.server.master.engine.TaskGroupCoordinator.doStart(TaskGroupCoordinator.java:106)
	at java.lang.Thread.run(Thread.java:750)
[WI-0][TI-0] - [WARN] 2026-06-08 22:46:35.898 +0800 c.g.d.s.m.e.t.d.WorkerGroupDispatcher:[187] - The WorkerGroupDispatcher: WorkerGroupTaskDispatcher-default doesn't started
[WI-0][TI-0] - [WARN] 2026-06-08 22:46:35.898 +0800 c.g.d.s.m.e.t.d.WorkerGroupDispatcher:[187] - The WorkerGroupDispatcher: WorkerGroupTaskDispatcher-default doesn't started
[WI-0][TI-0] - [WARN] 2026-06-08 22:46:35.899 +0800 o.s.b.f.s.DisposableBeanAdapter:[253] - Invocation of close method failed on bean with name 'workflowEngine': org.springframework.beans.factory.BeanCreationNotAllowedException: Error creating bean with name 'workflowEventBusFireWorkers': Singleton bean creation not allowed while singletons of this factory are in destruction (Do not request a bean from a BeanFactory in a destroy method implementation!)
[WI-0][TI-0] - [WARN] 2026-06-08 22:46:35.899 +0800 o.s.b.f.s.DisposableBeanAdapter:[253] - Invocation of close method failed on bean with name 'workflowEventBusCoordinator': org.springframework.beans.factory.BeanCreationNotAllowedException: Error creating bean with name 'workflowEventBusFireWorkers': Singleton bean creation not allowed while singletons of this factory are in destruction (Do not request a bean from a BeanFactory in a destroy method implementation!)
[WI-0][TI-0] - [WARN] 2026-06-08 22:46:35.899 +0800 c.g.d.s.m.e.t.d.WorkerGroupDispatcher:[187] - The WorkerGroupDispatcher: WorkerGroupTaskDispatcher-default doesn't started
[WI-0][TI-0] - [WARN] 2026-06-08 22:46:35.899 +0800 c.g.d.c.m.BaseHeartBeatTask:[78] - MasterHeartBeatTask finished...
[WI-0][TI-0] - [WARN] 2026-06-08 22:46:35.900 +0800 c.g.d.c.m.BaseHeartBeatTask:[78] - MasterHeartBeatTask finished...
[WI-0][TI-0] - [WARN] 2026-06-08 22:46:35.900 +0800 c.g.d.s.m.e.TaskGroupCoordinator:[453] - TaskGroupCoordinator is already closed
[WI-0][TI-0] - [WARN] 2026-06-08 22:46:35.900 +0800 c.g.d.s.m.e.TaskGroupCoordinator:[453] - TaskGroupCoordinator is already closed
[WI-0][TI-0] - [WARN] 2026-06-08 22:46:37.901 +0800 c.g.d.p.t.a.TaskPluginManager:[44] - The task plugin has already been loaded
[WI-0][TI-0] - [WARN] 2026-06-08 22:46:43.324 +0800 c.g.d.c.m.BaseHeartBeatTask:[78] - MasterHeartBeatTask finished...
[WI-0][TI-0] - [WARN] 2026-06-08 22:46:43.326 +0800 c.g.d.c.m.BaseHeartBeatTask:[78] - MasterHeartBeatTask finished...
[WI-0][TI-0] - [ERROR] 2026-06-08 22:46:43.327 +0800 c.g.d.c.t.ThreadUtils:[80] - Current thread sleep error
java.lang.InterruptedException: sleep interrupted
	at java.lang.Thread.sleep(Native Method)
	at com.gyyun.ds.common.thread.ThreadUtils.sleep(ThreadUtils.java:77)
	at com.gyyun.ds.server.master.engine.TaskGroupCoordinator.doStart(TaskGroupCoordinator.java:106)
	at java.lang.Thread.run(Thread.java:750)
[WI-0][TI-0] - [WARN] 2026-06-08 22:46:43.340 +0800 o.s.b.f.s.DisposableBeanAdapter:[253] - Invocation of close method failed on bean with name 'workflowEngine': org.springframework.beans.factory.BeanCreationNotAllowedException: Error creating bean with name 'workflowEventBusFireWorkers': Singleton bean creation not allowed while singletons of this factory are in destruction (Do not request a bean from a BeanFactory in a destroy method implementation!)
[WI-0][TI-0] - [WARN] 2026-06-08 22:46:43.342 +0800 o.s.b.f.s.DisposableBeanAdapter:[253] - Invocation of close method failed on bean with name 'workflowEventBusCoordinator': org.springframework.beans.factory.BeanCreationNotAllowedException: Error creating bean with name 'workflowEventBusFireWorkers': Singleton bean creation not allowed while singletons of this factory are in destruction (Do not request a bean from a BeanFactory in a destroy method implementation!)
[WI-0][TI-0] - [WARN] 2026-06-08 22:46:43.342 +0800 c.g.d.c.m.BaseHeartBeatTask:[78] - MasterHeartBeatTask finished...
[WI-0][TI-0] - [WARN] 2026-06-08 22:46:43.343 +0800 c.g.d.c.m.BaseHeartBeatTask:[78] - MasterHeartBeatTask finished...
[WI-0][TI-0] - [WARN] 2026-06-08 22:46:43.343 +0800 c.g.d.s.m.e.TaskGroupCoordinator:[453] - TaskGroupCoordinator is already closed
[WI-0][TI-0] - [WARN] 2026-06-08 22:46:43.343 +0800 c.g.d.s.m.e.TaskGroupCoordinator:[453] - TaskGroupCoordinator is already closed
[WI-0][TI-0] - [WARN] 2026-06-08 22:46:45.427 +0800 c.g.d.p.t.a.TaskPluginManager:[44] - The task plugin has already been loaded
[WI-0][TI-0] - [WARN] 2026-06-08 22:46:49.666 +0800 c.g.d.c.m.BaseHeartBeatTask:[78] - MasterHeartBeatTask finished...
[WI-0][TI-0] - [WARN] 2026-06-08 22:46:49.667 +0800 c.g.d.c.m.BaseHeartBeatTask:[78] - MasterHeartBeatTask finished...
[WI-0][TI-0] - [ERROR] 2026-06-08 22:46:49.669 +0800 c.g.d.c.t.ThreadUtils:[80] - Current thread sleep error
java.lang.InterruptedException: sleep interrupted
	at java.lang.Thread.sleep(Native Method)
	at com.gyyun.ds.common.thread.ThreadUtils.sleep(ThreadUtils.java:77)
	at com.gyyun.ds.server.master.engine.TaskGroupCoordinator.doStart(TaskGroupCoordinator.java:106)
	at java.lang.Thread.run(Thread.java:750)
[WI-0][TI-0] - [WARN] 2026-06-08 22:46:49.680 +0800 c.g.d.s.m.e.t.d.WorkerGroupDispatcher:[187] - The WorkerGroupDispatcher: WorkerGroupTaskDispatcher-default doesn't started
[WI-0][TI-0] - [WARN] 2026-06-08 22:46:49.681 +0800 c.g.d.s.m.e.t.d.WorkerGroupDispatcher:[187] - The WorkerGroupDispatcher: WorkerGroupTaskDispatcher-default doesn't started
[WI-0][TI-0] - [WARN] 2026-06-08 22:46:49.681 +0800 o.s.b.f.s.DisposableBeanAdapter:[253] - Invocation of close method failed on bean with name 'workflowEngine': org.springframework.beans.factory.BeanCreationNotAllowedException: Error creating bean with name 'workflowEventBusFireWorkers': Singleton bean creation not allowed while singletons of this factory are in destruction (Do not request a bean from a BeanFactory in a destroy method implementation!)
[WI-0][TI-0] - [WARN] 2026-06-08 22:46:49.682 +0800 o.s.b.f.s.DisposableBeanAdapter:[253] - Invocation of close method failed on bean with name 'workflowEventBusCoordinator': org.springframework.beans.factory.BeanCreationNotAllowedException: Error creating bean with name 'workflowEventBusFireWorkers': Singleton bean creation not allowed while singletons of this factory are in destruction (Do not request a bean from a BeanFactory in a destroy method implementation!)
[WI-0][TI-0] - [WARN] 2026-06-08 22:46:49.682 +0800 c.g.d.s.m.e.t.d.WorkerGroupDispatcher:[187] - The WorkerGroupDispatcher: WorkerGroupTaskDispatcher-default doesn't started
[WI-0][TI-0] - [WARN] 2026-06-08 22:46:49.683 +0800 c.g.d.c.m.BaseHeartBeatTask:[78] - MasterHeartBeatTask finished...
[WI-0][TI-0] - [WARN] 2026-06-08 22:46:49.683 +0800 c.g.d.c.m.BaseHeartBeatTask:[78] - MasterHeartBeatTask finished...
[WI-0][TI-0] - [WARN] 2026-06-08 22:46:49.683 +0800 c.g.d.s.m.e.TaskGroupCoordinator:[453] - TaskGroupCoordinator is already closed
[WI-0][TI-0] - [WARN] 2026-06-08 22:46:49.684 +0800 c.g.d.s.m.e.TaskGroupCoordinator:[453] - TaskGroupCoordinator is already closed
[WI-0][TI-0] - [WARN] 2026-06-08 22:46:50.884 +0800 c.g.d.c.m.BaseHeartBeatTask:[78] - MasterHeartBeatTask finished...
[WI-0][TI-0] - [WARN] 2026-06-08 22:46:50.886 +0800 c.g.d.c.m.BaseHeartBeatTask:[78] - MasterHeartBeatTask finished...
[WI-0][TI-0] - [ERROR] 2026-06-08 22:46:50.888 +0800 c.g.d.c.t.ThreadUtils:[80] - Current thread sleep error
java.lang.InterruptedException: sleep interrupted
	at java.lang.Thread.sleep(Native Method)
	at com.gyyun.ds.common.thread.ThreadUtils.sleep(ThreadUtils.java:77)
	at com.gyyun.ds.server.master.engine.TaskGroupCoordinator.doStart(TaskGroupCoordinator.java:106)
	at java.lang.Thread.run(Thread.java:750)
[WI-0][TI-0] - [WARN] 2026-06-08 22:46:50.895 +0800 c.g.d.s.m.c.AbstractClusterSubscribeListener:[45] - Server MasterServerMetadata(super=BaseServerMetadata(processId=90257, serverStartupTime=1780929646639, address=10.37.129.2:53000, cpuUsage=0.3167126033575545, memoryUsage=0.43580353260040283, serverStatus=NORMAL)) removed
[WI-0][TI-0] - [WARN] 2026-06-08 22:46:50.896 +0800 c.g.d.s.m.c.MasterSlotManager:[75] - Do rebalance failed, cannot found the current master: 10.37.129.2:53000 in the normal master clusters: []. Please check the current master server status
[WI-0][TI-0] - [WARN] 2026-06-08 22:46:50.897 +0800 o.s.b.f.s.DisposableBeanAdapter:[253] - Invocation of close method failed on bean with name 'workflowEngine': org.springframework.beans.factory.BeanCreationNotAllowedException: Error creating bean with name 'workflowEventBusFireWorkers': Singleton bean creation not allowed while singletons of this factory are in destruction (Do not request a bean from a BeanFactory in a destroy method implementation!)
[WI-0][TI-0] - [WARN] 2026-06-08 22:46:50.898 +0800 o.s.b.f.s.DisposableBeanAdapter:[253] - Invocation of close method failed on bean with name 'workflowEventBusCoordinator': org.springframework.beans.factory.BeanCreationNotAllowedException: Error creating bean with name 'workflowEventBusFireWorkers': Singleton bean creation not allowed while singletons of this factory are in destruction (Do not request a bean from a BeanFactory in a destroy method implementation!)
[WI-0][TI-0] - [WARN] 2026-06-08 22:46:50.898 +0800 c.g.d.c.m.BaseHeartBeatTask:[78] - MasterHeartBeatTask finished...
[WI-0][TI-0] - [WARN] 2026-06-08 22:46:50.898 +0800 c.g.d.c.m.BaseHeartBeatTask:[78] - MasterHeartBeatTask finished...
[WI-0][TI-0] - [WARN] 2026-06-08 22:46:50.898 +0800 c.g.d.s.m.e.TaskGroupCoordinator:[453] - TaskGroupCoordinator is already closed
[WI-0][TI-0] - [WARN] 2026-06-08 22:46:50.899 +0800 c.g.d.s.m.e.TaskGroupCoordinator:[453] - TaskGroupCoordinator is already closed
[WI-0][TI-0] - [WARN] 2026-06-08 22:46:51.998 +0800 c.g.d.p.t.a.TaskPluginManager:[44] - The task plugin has already been loaded
[WI-0][TI-0] - [WARN] 2026-06-08 22:46:53.466 +0800 c.g.d.p.t.a.TaskPluginManager:[44] - The task plugin has already been loaded
[WI-0][TI-0] - [WARN] 2026-06-08 22:46:57.978 +0800 c.g.d.c.m.BaseHeartBeatTask:[78] - MasterHeartBeatTask finished...
[WI-0][TI-0] - [WARN] 2026-06-08 22:46:57.979 +0800 c.g.d.c.m.BaseHeartBeatTask:[78] - MasterHeartBeatTask finished...
[WI-0][TI-0] - [ERROR] 2026-06-08 22:46:57.980 +0800 c.g.d.c.t.ThreadUtils:[80] - Current thread sleep error
java.lang.InterruptedException: sleep interrupted
	at java.lang.Thread.sleep(Native Method)
	at com.gyyun.ds.common.thread.ThreadUtils.sleep(ThreadUtils.java:77)
	at com.gyyun.ds.server.master.engine.TaskGroupCoordinator.doStart(TaskGroupCoordinator.java:106)
	at java.lang.Thread.run(Thread.java:750)
[WI-0][TI-0] - [WARN] 2026-06-08 22:46:57.987 +0800 c.g.d.s.m.e.t.d.WorkerGroupDispatcher:[187] - The WorkerGroupDispatcher: WorkerGroupTaskDispatcher-default doesn't started
[WI-0][TI-0] - [WARN] 2026-06-08 22:46:57.988 +0800 c.g.d.s.m.e.t.d.WorkerGroupDispatcher:[187] - The WorkerGroupDispatcher: WorkerGroupTaskDispatcher-default doesn't started
[WI-0][TI-0] - [WARN] 2026-06-08 22:46:57.988 +0800 o.s.b.f.s.DisposableBeanAdapter:[253] - Invocation of close method failed on bean with name 'workflowEngine': org.springframework.beans.factory.BeanCreationNotAllowedException: Error creating bean with name 'workflowEventBusFireWorkers': Singleton bean creation not allowed while singletons of this factory are in destruction (Do not request a bean from a BeanFactory in a destroy method implementation!)
[WI-0][TI-0] - [WARN] 2026-06-08 22:46:57.989 +0800 o.s.b.f.s.DisposableBeanAdapter:[253] - Invocation of close method failed on bean with name 'workflowEventBusCoordinator': org.springframework.beans.factory.BeanCreationNotAllowedException: Error creating bean with name 'workflowEventBusFireWorkers': Singleton bean creation not allowed while singletons of this factory are in destruction (Do not request a bean from a BeanFactory in a destroy method implementation!)
[WI-0][TI-0] - [WARN] 2026-06-08 22:46:57.989 +0800 c.g.d.s.m.e.t.d.WorkerGroupDispatcher:[187] - The WorkerGroupDispatcher: WorkerGroupTaskDispatcher-default doesn't started
[WI-0][TI-0] - [WARN] 2026-06-08 22:46:57.989 +0800 c.g.d.c.m.BaseHeartBeatTask:[78] - MasterHeartBeatTask finished...
[WI-0][TI-0] - [WARN] 2026-06-08 22:46:57.989 +0800 c.g.d.c.m.BaseHeartBeatTask:[78] - MasterHeartBeatTask finished...
[WI-0][TI-0] - [WARN] 2026-06-08 22:46:57.990 +0800 c.g.d.s.m.e.TaskGroupCoordinator:[453] - TaskGroupCoordinator is already closed
[WI-0][TI-0] - [WARN] 2026-06-08 22:46:57.990 +0800 c.g.d.s.m.e.TaskGroupCoordinator:[453] - TaskGroupCoordinator is already closed
[WI-0][TI-0] - [WARN] 2026-06-08 22:46:59.327 +0800 c.g.d.c.m.BaseHeartBeatTask:[78] - MasterHeartBeatTask finished...
[WI-0][TI-0] - [WARN] 2026-06-08 22:46:59.328 +0800 c.g.d.c.m.BaseHeartBeatTask:[78] - MasterHeartBeatTask finished...
[WI-0][TI-0] - [ERROR] 2026-06-08 22:46:59.329 +0800 c.g.d.c.t.ThreadUtils:[80] - Current thread sleep error
java.lang.InterruptedException: sleep interrupted
	at java.lang.Thread.sleep(Native Method)
	at com.gyyun.ds.common.thread.ThreadUtils.sleep(ThreadUtils.java:77)
	at com.gyyun.ds.server.master.engine.TaskGroupCoordinator.doStart(TaskGroupCoordinator.java:106)
	at java.lang.Thread.run(Thread.java:750)
[WI-0][TI-0] - [WARN] 2026-06-08 22:46:59.337 +0800 c.g.d.s.m.e.t.d.WorkerGroupDispatcher:[187] - The WorkerGroupDispatcher: WorkerGroupTaskDispatcher-default doesn't started
[WI-0][TI-0] - [WARN] 2026-06-08 22:46:59.338 +0800 c.g.d.s.m.e.t.d.WorkerGroupDispatcher:[187] - The WorkerGroupDispatcher: WorkerGroupTaskDispatcher-default doesn't started
[WI-0][TI-0] - [WARN] 2026-06-08 22:46:59.338 +0800 o.s.b.f.s.DisposableBeanAdapter:[253] - Invocation of close method failed on bean with name 'workflowEngine': org.springframework.beans.factory.BeanCreationNotAllowedException: Error creating bean with name 'workflowEventBusFireWorkers': Singleton bean creation not allowed while singletons of this factory are in destruction (Do not request a bean from a BeanFactory in a destroy method implementation!)
[WI-0][TI-0] - [WARN] 2026-06-08 22:46:59.338 +0800 o.s.b.f.s.DisposableBeanAdapter:[253] - Invocation of close method failed on bean with name 'workflowEventBusCoordinator': org.springframework.beans.factory.BeanCreationNotAllowedException: Error creating bean with name 'workflowEventBusFireWorkers': Singleton bean creation not allowed while singletons of this factory are in destruction (Do not request a bean from a BeanFactory in a destroy method implementation!)
[WI-0][TI-0] - [WARN] 2026-06-08 22:46:59.339 +0800 c.g.d.s.m.e.t.d.WorkerGroupDispatcher:[187] - The WorkerGroupDispatcher: WorkerGroupTaskDispatcher-default doesn't started
[WI-0][TI-0] - [WARN] 2026-06-08 22:46:59.339 +0800 c.g.d.c.m.BaseHeartBeatTask:[78] - MasterHeartBeatTask finished...
[WI-0][TI-0] - [WARN] 2026-06-08 22:46:59.339 +0800 c.g.d.c.m.BaseHeartBeatTask:[78] - MasterHeartBeatTask finished...
[WI-0][TI-0] - [WARN] 2026-06-08 22:46:59.339 +0800 c.g.d.s.m.e.TaskGroupCoordinator:[453] - TaskGroupCoordinator is already closed
[WI-0][TI-0] - [WARN] 2026-06-08 22:46:59.340 +0800 c.g.d.s.m.e.TaskGroupCoordinator:[453] - TaskGroupCoordinator is already closed
[WI-0][TI-0] - [WARN] 2026-06-08 22:47:00.212 +0800 c.g.d.p.t.a.TaskPluginManager:[44] - The task plugin has already been loaded
[WI-0][TI-0] - [WARN] 2026-06-08 22:47:01.922 +0800 c.g.d.p.t.a.TaskPluginManager:[44] - The task plugin has already been loaded
[WI-0][TI-0] - [WARN] 2026-06-08 22:47:06.266 +0800 c.g.d.c.m.BaseHeartBeatTask:[78] - MasterHeartBeatTask finished...
[WI-0][TI-0] - [WARN] 2026-06-08 22:47:06.268 +0800 c.g.d.c.m.BaseHeartBeatTask:[78] - MasterHeartBeatTask finished...
[WI-0][TI-0] - [ERROR] 2026-06-08 22:47:06.273 +0800 c.g.d.c.t.ThreadUtils:[80] - Current thread sleep error
java.lang.InterruptedException: sleep interrupted
	at java.lang.Thread.sleep(Native Method)
	at com.gyyun.ds.common.thread.ThreadUtils.sleep(ThreadUtils.java:77)
	at com.gyyun.ds.server.master.engine.TaskGroupCoordinator.doStart(TaskGroupCoordinator.java:106)
	at java.lang.Thread.run(Thread.java:750)
[WI-0][TI-0] - [WARN] 2026-06-08 22:47:06.285 +0800 c.g.d.s.m.e.t.d.WorkerGroupDispatcher:[187] - The WorkerGroupDispatcher: WorkerGroupTaskDispatcher-default doesn't started
[WI-0][TI-0] - [WARN] 2026-06-08 22:47:06.286 +0800 c.g.d.s.m.e.t.d.WorkerGroupDispatcher:[187] - The WorkerGroupDispatcher: WorkerGroupTaskDispatcher-default doesn't started
[WI-0][TI-0] - [WARN] 2026-06-08 22:47:06.287 +0800 o.s.b.f.s.DisposableBeanAdapter:[253] - Invocation of close method failed on bean with name 'workflowEngine': org.springframework.beans.factory.BeanCreationNotAllowedException: Error creating bean with name 'workflowEventBusFireWorkers': Singleton bean creation not allowed while singletons of this factory are in destruction (Do not request a bean from a BeanFactory in a destroy method implementation!)
[WI-0][TI-0] - [WARN] 2026-06-08 22:47:06.287 +0800 o.s.b.f.s.DisposableBeanAdapter:[253] - Invocation of close method failed on bean with name 'workflowEventBusCoordinator': org.springframework.beans.factory.BeanCreationNotAllowedException: Error creating bean with name 'workflowEventBusFireWorkers': Singleton bean creation not allowed while singletons of this factory are in destruction (Do not request a bean from a BeanFactory in a destroy method implementation!)
[WI-0][TI-0] - [WARN] 2026-06-08 22:47:06.287 +0800 c.g.d.s.m.e.t.d.WorkerGroupDispatcher:[187] - The WorkerGroupDispatcher: WorkerGroupTaskDispatcher-default doesn't started
[WI-0][TI-0] - [WARN] 2026-06-08 22:47:06.287 +0800 c.g.d.c.m.BaseHeartBeatTask:[78] - MasterHeartBeatTask finished...
[WI-0][TI-0] - [WARN] 2026-06-08 22:47:06.287 +0800 c.g.d.c.m.BaseHeartBeatTask:[78] - MasterHeartBeatTask finished...
[WI-0][TI-0] - [WARN] 2026-06-08 22:47:06.288 +0800 c.g.d.s.m.e.TaskGroupCoordinator:[453] - TaskGroupCoordinator is already closed
[WI-0][TI-0] - [WARN] 2026-06-08 22:47:06.288 +0800 c.g.d.s.m.e.TaskGroupCoordinator:[453] - TaskGroupCoordinator is already closed
[WI-0][TI-0] - [WARN] 2026-06-08 22:47:07.472 +0800 c.g.d.c.m.BaseHeartBeatTask:[78] - MasterHeartBeatTask finished...
[WI-0][TI-0] - [WARN] 2026-06-08 22:47:07.474 +0800 c.g.d.c.m.BaseHeartBeatTask:[78] - MasterHeartBeatTask finished...
[WI-0][TI-0] - [ERROR] 2026-06-08 22:47:07.475 +0800 c.g.d.c.t.ThreadUtils:[80] - Current thread sleep error
java.lang.InterruptedException: sleep interrupted
	at java.lang.Thread.sleep(Native Method)
	at com.gyyun.ds.common.thread.ThreadUtils.sleep(ThreadUtils.java:77)
	at com.gyyun.ds.server.master.engine.TaskGroupCoordinator.doStart(TaskGroupCoordinator.java:106)
	at java.lang.Thread.run(Thread.java:750)
[WI-0][TI-0] - [WARN] 2026-06-08 22:47:07.480 +0800 o.s.b.f.s.DisposableBeanAdapter:[253] - Invocation of close method failed on bean with name 'workflowEngine': org.springframework.beans.factory.BeanCreationNotAllowedException: Error creating bean with name 'workflowEventBusFireWorkers': Singleton bean creation not allowed while singletons of this factory are in destruction (Do not request a bean from a BeanFactory in a destroy method implementation!)
[WI-0][TI-0] - [WARN] 2026-06-08 22:47:07.481 +0800 o.s.b.f.s.DisposableBeanAdapter:[253] - Invocation of close method failed on bean with name 'workflowEventBusCoordinator': org.springframework.beans.factory.BeanCreationNotAllowedException: Error creating bean with name 'workflowEventBusFireWorkers': Singleton bean creation not allowed while singletons of this factory are in destruction (Do not request a bean from a BeanFactory in a destroy method implementation!)
[WI-0][TI-0] - [WARN] 2026-06-08 22:47:07.481 +0800 c.g.d.c.m.BaseHeartBeatTask:[78] - MasterHeartBeatTask finished...
[WI-0][TI-0] - [WARN] 2026-06-08 22:47:07.482 +0800 c.g.d.c.m.BaseHeartBeatTask:[78] - MasterHeartBeatTask finished...
[WI-0][TI-0] - [WARN] 2026-06-08 22:47:07.482 +0800 c.g.d.s.m.e.TaskGroupCoordinator:[453] - TaskGroupCoordinator is already closed
[WI-0][TI-0] - [WARN] 2026-06-08 22:47:07.482 +0800 c.g.d.s.m.e.TaskGroupCoordinator:[453] - TaskGroupCoordinator is already closed
[WI-0][TI-0] - [WARN] 2026-06-08 22:47:08.585 +0800 c.g.d.p.t.a.TaskPluginManager:[44] - The task plugin has already been loaded
[WI-0][TI-0] - [WARN] 2026-06-08 22:47:10.081 +0800 c.g.d.p.t.a.TaskPluginManager:[44] - The task plugin has already been loaded
[WI-0][TI-0] - [WARN] 2026-06-08 22:47:14.524 +0800 c.g.d.c.m.BaseHeartBeatTask:[78] - MasterHeartBeatTask finished...
[WI-0][TI-0] - [WARN] 2026-06-08 22:47:14.525 +0800 c.g.d.c.m.BaseHeartBeatTask:[78] - MasterHeartBeatTask finished...
[WI-0][TI-0] - [ERROR] 2026-06-08 22:47:14.526 +0800 c.g.d.c.t.ThreadUtils:[80] - Current thread sleep error
java.lang.InterruptedException: sleep interrupted
	at java.lang.Thread.sleep(Native Method)
	at com.gyyun.ds.common.thread.ThreadUtils.sleep(ThreadUtils.java:77)
	at com.gyyun.ds.server.master.engine.TaskGroupCoordinator.doStart(TaskGroupCoordinator.java:106)
	at java.lang.Thread.run(Thread.java:750)
[WI-0][TI-0] - [WARN] 2026-06-08 22:47:14.542 +0800 c.g.d.s.m.e.t.d.WorkerGroupDispatcher:[187] - The WorkerGroupDispatcher: WorkerGroupTaskDispatcher-default doesn't started
[WI-0][TI-0] - [WARN] 2026-06-08 22:47:14.544 +0800 c.g.d.s.m.e.t.d.WorkerGroupDispatcher:[187] - The WorkerGroupDispatcher: WorkerGroupTaskDispatcher-default doesn't started
[WI-0][TI-0] - [WARN] 2026-06-08 22:47:14.544 +0800 o.s.b.f.s.DisposableBeanAdapter:[253] - Invocation of close method failed on bean with name 'workflowEngine': org.springframework.beans.factory.BeanCreationNotAllowedException: Error creating bean with name 'workflowEventBusFireWorkers': Singleton bean creation not allowed while singletons of this factory are in destruction (Do not request a bean from a BeanFactory in a destroy method implementation!)
[WI-0][TI-0] - [WARN] 2026-06-08 22:47:14.545 +0800 o.s.b.f.s.DisposableBeanAdapter:[253] - Invocation of close method failed on bean with name 'workflowEventBusCoordinator': org.springframework.beans.factory.BeanCreationNotAllowedException: Error creating bean with name 'workflowEventBusFireWorkers': Singleton bean creation not allowed while singletons of this factory are in destruction (Do not request a bean from a BeanFactory in a destroy method implementation!)
[WI-0][TI-0] - [WARN] 2026-06-08 22:47:14.545 +0800 c.g.d.s.m.e.t.d.WorkerGroupDispatcher:[187] - The WorkerGroupDispatcher: WorkerGroupTaskDispatcher-default doesn't started
[WI-0][TI-0] - [WARN] 2026-06-08 22:47:14.545 +0800 c.g.d.c.m.BaseHeartBeatTask:[78] - MasterHeartBeatTask finished...
[WI-0][TI-0] - [WARN] 2026-06-08 22:47:14.546 +0800 c.g.d.c.m.BaseHeartBeatTask:[78] - MasterHeartBeatTask finished...
[WI-0][TI-0] - [WARN] 2026-06-08 22:47:14.546 +0800 c.g.d.s.m.e.TaskGroupCoordinator:[453] - TaskGroupCoordinator is already closed
[WI-0][TI-0] - [WARN] 2026-06-08 22:47:14.546 +0800 c.g.d.s.m.e.TaskGroupCoordinator:[453] - TaskGroupCoordinator is already closed
[WI-0][TI-0] - [WARN] 2026-06-08 22:47:15.553 +0800 c.g.d.c.m.BaseHeartBeatTask:[78] - MasterHeartBeatTask finished...
[WI-0][TI-0] - [WARN] 2026-06-08 22:47:15.554 +0800 c.g.d.c.m.BaseHeartBeatTask:[78] - MasterHeartBeatTask finished...
[WI-0][TI-0] - [ERROR] 2026-06-08 22:47:15.554 +0800 c.g.d.c.t.ThreadUtils:[80] - Current thread sleep error
java.lang.InterruptedException: sleep interrupted
	at java.lang.Thread.sleep(Native Method)
	at com.gyyun.ds.common.thread.ThreadUtils.sleep(ThreadUtils.java:77)
	at com.gyyun.ds.server.master.engine.TaskGroupCoordinator.doStart(TaskGroupCoordinator.java:106)
	at java.lang.Thread.run(Thread.java:750)
[WI-0][TI-0] - [WARN] 2026-06-08 22:47:15.561 +0800 o.s.b.f.s.DisposableBeanAdapter:[253] - Invocation of close method failed on bean with name 'workflowEngine': org.springframework.beans.factory.BeanCreationNotAllowedException: Error creating bean with name 'workflowEventBusFireWorkers': Singleton bean creation not allowed while singletons of this factory are in destruction (Do not request a bean from a BeanFactory in a destroy method implementation!)
[WI-0][TI-0] - [WARN] 2026-06-08 22:47:15.561 +0800 o.s.b.f.s.DisposableBeanAdapter:[253] - Invocation of close method failed on bean with name 'workflowEventBusCoordinator': org.springframework.beans.factory.BeanCreationNotAllowedException: Error creating bean with name 'workflowEventBusFireWorkers': Singleton bean creation not allowed while singletons of this factory are in destruction (Do not request a bean from a BeanFactory in a destroy method implementation!)
[WI-0][TI-0] - [WARN] 2026-06-08 22:47:15.562 +0800 c.g.d.c.m.BaseHeartBeatTask:[78] - MasterHeartBeatTask finished...
[WI-0][TI-0] - [WARN] 2026-06-08 22:47:15.562 +0800 c.g.d.c.m.BaseHeartBeatTask:[78] - MasterHeartBeatTask finished...
[WI-0][TI-0] - [WARN] 2026-06-08 22:47:15.562 +0800 c.g.d.s.m.e.TaskGroupCoordinator:[453] - TaskGroupCoordinator is already closed
[WI-0][TI-0] - [WARN] 2026-06-08 22:47:15.562 +0800 c.g.d.s.m.e.TaskGroupCoordinator:[453] - TaskGroupCoordinator is already closed
[WI-0][TI-0] - [WARN] 2026-06-08 22:47:16.912 +0800 c.g.d.p.t.a.TaskPluginManager:[44] - The task plugin has already been loaded
[WI-0][TI-0] - [WARN] 2026-06-08 22:47:18.275 +0800 c.g.d.p.t.a.TaskPluginManager:[44] - The task plugin has already been loaded
[WI-0][TI-0] - [WARN] 2026-06-08 22:47:23.807 +0800 c.g.d.c.m.BaseHeartBeatTask:[78] - MasterHeartBeatTask finished...
[WI-0][TI-0] - [WARN] 2026-06-08 22:47:23.809 +0800 c.g.d.c.m.BaseHeartBeatTask:[78] - MasterHeartBeatTask finished...
[WI-0][TI-0] - [ERROR] 2026-06-08 22:47:23.811 +0800 c.g.d.c.t.ThreadUtils:[80] - Current thread sleep error
java.lang.InterruptedException: sleep interrupted
	at java.lang.Thread.sleep(Native Method)
	at com.gyyun.ds.common.thread.ThreadUtils.sleep(ThreadUtils.java:77)
	at com.gyyun.ds.server.master.engine.TaskGroupCoordinator.doStart(TaskGroupCoordinator.java:106)
	at java.lang.Thread.run(Thread.java:750)
[WI-0][TI-0] - [WARN] 2026-06-08 22:47:23.826 +0800 o.s.b.f.s.DisposableBeanAdapter:[253] - Invocation of close method failed on bean with name 'workflowEngine': org.springframework.beans.factory.BeanCreationNotAllowedException: Error creating bean with name 'workflowEventBusFireWorkers': Singleton bean creation not allowed while singletons of this factory are in destruction (Do not request a bean from a BeanFactory in a destroy method implementation!)
[WI-0][TI-0] - [WARN] 2026-06-08 22:47:23.826 +0800 o.s.b.f.s.DisposableBeanAdapter:[253] - Invocation of close method failed on bean with name 'workflowEventBusCoordinator': org.springframework.beans.factory.BeanCreationNotAllowedException: Error creating bean with name 'workflowEventBusFireWorkers': Singleton bean creation not allowed while singletons of this factory are in destruction (Do not request a bean from a BeanFactory in a destroy method implementation!)
[WI-0][TI-0] - [WARN] 2026-06-08 22:47:23.827 +0800 c.g.d.c.m.BaseHeartBeatTask:[78] - MasterHeartBeatTask finished...
[WI-0][TI-0] - [WARN] 2026-06-08 22:47:23.827 +0800 c.g.d.c.m.BaseHeartBeatTask:[78] - MasterHeartBeatTask finished...
[WI-0][TI-0] - [WARN] 2026-06-08 22:47:23.827 +0800 c.g.d.s.m.e.TaskGroupCoordinator:[453] - TaskGroupCoordinator is already closed
[WI-0][TI-0] - [WARN] 2026-06-08 22:47:23.828 +0800 c.g.d.s.m.e.TaskGroupCoordinator:[453] - TaskGroupCoordinator is already closed
[WI-0][TI-0] - [WARN] 2026-06-08 22:47:24.857 +0800 c.g.d.c.m.BaseHeartBeatTask:[78] - MasterHeartBeatTask finished...
[WI-0][TI-0] - [WARN] 2026-06-08 22:47:24.859 +0800 c.g.d.c.m.BaseHeartBeatTask:[78] - MasterHeartBeatTask finished...
[WI-0][TI-0] - [ERROR] 2026-06-08 22:47:24.860 +0800 c.g.d.c.t.ThreadUtils:[80] - Current thread sleep error
java.lang.InterruptedException: sleep interrupted
	at java.lang.Thread.sleep(Native Method)
	at com.gyyun.ds.common.thread.ThreadUtils.sleep(ThreadUtils.java:77)
	at com.gyyun.ds.server.master.engine.TaskGroupCoordinator.doStart(TaskGroupCoordinator.java:106)
	at java.lang.Thread.run(Thread.java:750)
[WI-0][TI-0] - [WARN] 2026-06-08 22:47:24.868 +0800 c.g.d.s.m.e.t.d.WorkerGroupDispatcher:[187] - The WorkerGroupDispatcher: WorkerGroupTaskDispatcher-default doesn't started
[WI-0][TI-0] - [WARN] 2026-06-08 22:47:24.869 +0800 c.g.d.s.m.e.t.d.WorkerGroupDispatcher:[187] - The WorkerGroupDispatcher: WorkerGroupTaskDispatcher-default doesn't started
[WI-0][TI-0] - [WARN] 2026-06-08 22:47:24.869 +0800 o.s.b.f.s.DisposableBeanAdapter:[253] - Invocation of close method failed on bean with name 'workflowEngine': org.springframework.beans.factory.BeanCreationNotAllowedException: Error creating bean with name 'workflowEventBusFireWorkers': Singleton bean creation not allowed while singletons of this factory are in destruction (Do not request a bean from a BeanFactory in a destroy method implementation!)
[WI-0][TI-0] - [WARN] 2026-06-08 22:47:24.869 +0800 o.s.b.f.s.DisposableBeanAdapter:[253] - Invocation of close method failed on bean with name 'workflowEventBusCoordinator': org.springframework.beans.factory.BeanCreationNotAllowedException: Error creating bean with name 'workflowEventBusFireWorkers': Singleton bean creation not allowed while singletons of this factory are in destruction (Do not request a bean from a BeanFactory in a destroy method implementation!)
[WI-0][TI-0] - [WARN] 2026-06-08 22:47:24.870 +0800 c.g.d.s.m.e.t.d.WorkerGroupDispatcher:[187] - The WorkerGroupDispatcher: WorkerGroupTaskDispatcher-default doesn't started
[WI-0][TI-0] - [WARN] 2026-06-08 22:47:24.870 +0800 c.g.d.c.m.BaseHeartBeatTask:[78] - MasterHeartBeatTask finished...
[WI-0][TI-0] - [WARN] 2026-06-08 22:47:24.870 +0800 c.g.d.c.m.BaseHeartBeatTask:[78] - MasterHeartBeatTask finished...
[WI-0][TI-0] - [WARN] 2026-06-08 22:47:24.870 +0800 c.g.d.s.m.e.TaskGroupCoordinator:[453] - TaskGroupCoordinator is already closed
[WI-0][TI-0] - [WARN] 2026-06-08 22:47:24.871 +0800 c.g.d.s.m.e.TaskGroupCoordinator:[453] - TaskGroupCoordinator is already closed
[WI-0][TI-0] - [WARN] 2026-06-08 22:47:26.145 +0800 c.g.d.p.t.a.TaskPluginManager:[44] - The task plugin has already been loaded
[WI-0][TI-0] - [WARN] 2026-06-08 22:47:27.452 +0800 c.g.d.p.t.a.TaskPluginManager:[44] - The task plugin has already been loaded
[WI-0][TI-0] - [WARN] 2026-06-08 22:47:42.034 +0800 c.g.d.c.m.BaseHeartBeatTask:[78] - MasterHeartBeatTask finished...
[WI-0][TI-0] - [WARN] 2026-06-08 22:47:42.036 +0800 c.g.d.c.m.BaseHeartBeatTask:[78] - MasterHeartBeatTask finished...
[WI-0][TI-0] - [ERROR] 2026-06-08 22:47:42.037 +0800 c.g.d.c.t.ThreadUtils:[80] - Current thread sleep error
java.lang.InterruptedException: sleep interrupted
	at java.lang.Thread.sleep(Native Method)
	at com.gyyun.ds.common.thread.ThreadUtils.sleep(ThreadUtils.java:77)
	at com.gyyun.ds.server.master.engine.TaskGroupCoordinator.doStart(TaskGroupCoordinator.java:106)
	at java.lang.Thread.run(Thread.java:750)
[WI-0][TI-0] - [WARN] 2026-06-08 22:47:42.048 +0800 c.g.d.s.m.e.t.d.WorkerGroupDispatcher:[187] - The WorkerGroupDispatcher: WorkerGroupTaskDispatcher-default doesn't started
[WI-0][TI-0] - [WARN] 2026-06-08 22:47:42.051 +0800 c.g.d.s.m.e.t.d.WorkerGroupDispatcher:[187] - The WorkerGroupDispatcher: WorkerGroupTaskDispatcher-default doesn't started
[WI-0][TI-0] - [WARN] 2026-06-08 22:47:42.052 +0800 o.s.b.f.s.DisposableBeanAdapter:[253] - Invocation of close method failed on bean with name 'workflowEngine': org.springframework.beans.factory.BeanCreationNotAllowedException: Error creating bean with name 'workflowEventBusFireWorkers': Singleton bean creation not allowed while singletons of this factory are in destruction (Do not request a bean from a BeanFactory in a destroy method implementation!)
[WI-0][TI-0] - [WARN] 2026-06-08 22:47:42.052 +0800 o.s.b.f.s.DisposableBeanAdapter:[253] - Invocation of close method failed on bean with name 'workflowEventBusCoordinator': org.springframework.beans.factory.BeanCreationNotAllowedException: Error creating bean with name 'workflowEventBusFireWorkers': Singleton bean creation not allowed while singletons of this factory are in destruction (Do not request a bean from a BeanFactory in a destroy method implementation!)
[WI-0][TI-0] - [WARN] 2026-06-08 22:47:42.052 +0800 c.g.d.s.m.e.t.d.WorkerGroupDispatcher:[187] - The WorkerGroupDispatcher: WorkerGroupTaskDispatcher-default doesn't started
[WI-0][TI-0] - [WARN] 2026-06-08 22:47:42.052 +0800 c.g.d.c.m.BaseHeartBeatTask:[78] - MasterHeartBeatTask finished...
[WI-0][TI-0] - [WARN] 2026-06-08 22:47:42.053 +0800 c.g.d.c.m.BaseHeartBeatTask:[78] - MasterHeartBeatTask finished...
[WI-0][TI-0] - [WARN] 2026-06-08 22:47:42.053 +0800 c.g.d.s.m.e.TaskGroupCoordinator:[453] - TaskGroupCoordinator is already closed
[WI-0][TI-0] - [WARN] 2026-06-08 22:47:42.053 +0800 c.g.d.s.m.e.TaskGroupCoordinator:[453] - TaskGroupCoordinator is already closed
[WI-0][TI-0] - [WARN] 2026-06-08 22:47:43.187 +0800 c.g.d.c.m.BaseHeartBeatTask:[78] - MasterHeartBeatTask finished...
[WI-0][TI-0] - [WARN] 2026-06-08 22:47:43.188 +0800 c.g.d.c.m.BaseHeartBeatTask:[78] - MasterHeartBeatTask finished...
[WI-0][TI-0] - [ERROR] 2026-06-08 22:47:43.188 +0800 c.g.d.c.t.ThreadUtils:[80] - Current thread sleep error
java.lang.InterruptedException: sleep interrupted
	at java.lang.Thread.sleep(Native Method)
	at com.gyyun.ds.common.thread.ThreadUtils.sleep(ThreadUtils.java:77)
	at com.gyyun.ds.server.master.engine.TaskGroupCoordinator.doStart(TaskGroupCoordinator.java:106)
	at java.lang.Thread.run(Thread.java:750)
[WI-0][TI-0] - [WARN] 2026-06-08 22:47:43.197 +0800 c.g.d.s.m.e.t.d.WorkerGroupDispatcher:[187] - The WorkerGroupDispatcher: WorkerGroupTaskDispatcher-default doesn't started
[WI-0][TI-0] - [WARN] 2026-06-08 22:47:43.200 +0800 c.g.d.s.m.e.t.d.WorkerGroupDispatcher:[187] - The WorkerGroupDispatcher: WorkerGroupTaskDispatcher-default doesn't started
[WI-0][TI-0] - [WARN] 2026-06-08 22:47:43.200 +0800 o.s.b.f.s.DisposableBeanAdapter:[253] - Invocation of close method failed on bean with name 'workflowEngine': org.springframework.beans.factory.BeanCreationNotAllowedException: Error creating bean with name 'workflowEventBusFireWorkers': Singleton bean creation not allowed while singletons of this factory are in destruction (Do not request a bean from a BeanFactory in a destroy method implementation!)
[WI-0][TI-0] - [WARN] 2026-06-08 22:47:43.201 +0800 o.s.b.f.s.DisposableBeanAdapter:[253] - Invocation of close method failed on bean with name 'workflowEventBusCoordinator': org.springframework.beans.factory.BeanCreationNotAllowedException: Error creating bean with name 'workflowEventBusFireWorkers': Singleton bean creation not allowed while singletons of this factory are in destruction (Do not request a bean from a BeanFactory in a destroy method implementation!)
[WI-0][TI-0] - [WARN] 2026-06-08 22:47:43.201 +0800 c.g.d.s.m.e.t.d.WorkerGroupDispatcher:[187] - The WorkerGroupDispatcher: WorkerGroupTaskDispatcher-default doesn't started
[WI-0][TI-0] - [WARN] 2026-06-08 22:47:43.202 +0800 c.g.d.c.m.BaseHeartBeatTask:[78] - MasterHeartBeatTask finished...
[WI-0][TI-0] - [WARN] 2026-06-08 22:47:43.202 +0800 c.g.d.c.m.BaseHeartBeatTask:[78] - MasterHeartBeatTask finished...
[WI-0][TI-0] - [WARN] 2026-06-08 22:47:43.202 +0800 c.g.d.s.m.e.TaskGroupCoordinator:[453] - TaskGroupCoordinator is already closed
[WI-0][TI-0] - [WARN] 2026-06-08 22:47:43.202 +0800 c.g.d.s.m.e.TaskGroupCoordinator:[453] - TaskGroupCoordinator is already closed
[WI-0][TI-0] - [WARN] 2026-06-08 22:47:44.409 +0800 c.g.d.p.t.a.TaskPluginManager:[44] - The task plugin has already been loaded
[WI-0][TI-0] - [WARN] 2026-06-08 22:47:45.818 +0800 c.g.d.p.t.a.TaskPluginManager:[44] - The task plugin has already been loaded
[WI-0][TI-0] - [WARN] 2026-06-08 22:47:49.967 +0800 c.g.d.c.m.BaseHeartBeatTask:[78] - MasterHeartBeatTask finished...
[WI-0][TI-0] - [WARN] 2026-06-08 22:47:49.969 +0800 c.g.d.c.m.BaseHeartBeatTask:[78] - MasterHeartBeatTask finished...
[WI-0][TI-0] - [ERROR] 2026-06-08 22:47:49.970 +0800 c.g.d.c.t.ThreadUtils:[80] - Current thread sleep error
java.lang.InterruptedException: sleep interrupted
	at java.lang.Thread.sleep(Native Method)
	at com.gyyun.ds.common.thread.ThreadUtils.sleep(ThreadUtils.java:77)
	at com.gyyun.ds.server.master.engine.TaskGroupCoordinator.doStart(TaskGroupCoordinator.java:106)
	at java.lang.Thread.run(Thread.java:750)
[WI-0][TI-0] - [WARN] 2026-06-08 22:47:49.985 +0800 o.s.b.f.s.DisposableBeanAdapter:[253] - Invocation of close method failed on bean with name 'workflowEngine': org.springframework.beans.factory.BeanCreationNotAllowedException: Error creating bean with name 'workflowEventBusFireWorkers': Singleton bean creation not allowed while singletons of this factory are in destruction (Do not request a bean from a BeanFactory in a destroy method implementation!)
[WI-0][TI-0] - [WARN] 2026-06-08 22:47:49.986 +0800 o.s.b.f.s.DisposableBeanAdapter:[253] - Invocation of close method failed on bean with name 'workflowEventBusCoordinator': org.springframework.beans.factory.BeanCreationNotAllowedException: Error creating bean with name 'workflowEventBusFireWorkers': Singleton bean creation not allowed while singletons of this factory are in destruction (Do not request a bean from a BeanFactory in a destroy method implementation!)
[WI-0][TI-0] - [WARN] 2026-06-08 22:47:49.986 +0800 c.g.d.c.m.BaseHeartBeatTask:[78] - MasterHeartBeatTask finished...
[WI-0][TI-0] - [WARN] 2026-06-08 22:47:49.986 +0800 c.g.d.c.m.BaseHeartBeatTask:[78] - MasterHeartBeatTask finished...
[WI-0][TI-0] - [WARN] 2026-06-08 22:47:49.986 +0800 c.g.d.s.m.e.TaskGroupCoordinator:[453] - TaskGroupCoordinator is already closed
[WI-0][TI-0] - [WARN] 2026-06-08 22:47:49.986 +0800 c.g.d.s.m.e.TaskGroupCoordinator:[453] - TaskGroupCoordinator is already closed
[WI-0][TI-0] - [WARN] 2026-06-08 22:47:51.567 +0800 c.g.d.c.m.BaseHeartBeatTask:[78] - MasterHeartBeatTask finished...
[WI-0][TI-0] - [WARN] 2026-06-08 22:47:51.569 +0800 c.g.d.c.m.BaseHeartBeatTask:[78] - MasterHeartBeatTask finished...
[WI-0][TI-0] - [ERROR] 2026-06-08 22:47:51.569 +0800 c.g.d.c.t.ThreadUtils:[80] - Current thread sleep error
java.lang.InterruptedException: sleep interrupted
	at java.lang.Thread.sleep(Native Method)
	at com.gyyun.ds.common.thread.ThreadUtils.sleep(ThreadUtils.java:77)
	at com.gyyun.ds.server.master.engine.TaskGroupCoordinator.doStart(TaskGroupCoordinator.java:106)
	at java.lang.Thread.run(Thread.java:750)
[WI-0][TI-0] - [WARN] 2026-06-08 22:47:51.574 +0800 c.g.d.s.m.e.t.d.WorkerGroupDispatcher:[187] - The WorkerGroupDispatcher: WorkerGroupTaskDispatcher-default doesn't started
[WI-0][TI-0] - [WARN] 2026-06-08 22:47:51.575 +0800 c.g.d.s.m.e.t.d.WorkerGroupDispatcher:[187] - The WorkerGroupDispatcher: WorkerGroupTaskDispatcher-default doesn't started
[WI-0][TI-0] - [WARN] 2026-06-08 22:47:51.575 +0800 o.s.b.f.s.DisposableBeanAdapter:[253] - Invocation of close method failed on bean with name 'workflowEngine': org.springframework.beans.factory.BeanCreationNotAllowedException: Error creating bean with name 'workflowEventBusFireWorkers': Singleton bean creation not allowed while singletons of this factory are in destruction (Do not request a bean from a BeanFactory in a destroy method implementation!)
[WI-0][TI-0] - [WARN] 2026-06-08 22:47:51.576 +0800 o.s.b.f.s.DisposableBeanAdapter:[253] - Invocation of close method failed on bean with name 'workflowEventBusCoordinator': org.springframework.beans.factory.BeanCreationNotAllowedException: Error creating bean with name 'workflowEventBusFireWorkers': Singleton bean creation not allowed while singletons of this factory are in destruction (Do not request a bean from a BeanFactory in a destroy method implementation!)
[WI-0][TI-0] - [WARN] 2026-06-08 22:47:51.576 +0800 c.g.d.s.m.e.t.d.WorkerGroupDispatcher:[187] - The WorkerGroupDispatcher: WorkerGroupTaskDispatcher-default doesn't started
[WI-0][TI-0] - [WARN] 2026-06-08 22:47:51.576 +0800 c.g.d.c.m.BaseHeartBeatTask:[78] - MasterHeartBeatTask finished...
[WI-0][TI-0] - [WARN] 2026-06-08 22:47:51.576 +0800 c.g.d.c.m.BaseHeartBeatTask:[78] - MasterHeartBeatTask finished...
[WI-0][TI-0] - [WARN] 2026-06-08 22:47:51.577 +0800 c.g.d.s.m.e.TaskGroupCoordinator:[453] - TaskGroupCoordinator is already closed
[WI-0][TI-0] - [WARN] 2026-06-08 22:47:51.577 +0800 c.g.d.s.m.e.TaskGroupCoordinator:[453] - TaskGroupCoordinator is already closed
[WI-0][TI-0] - [WARN] 2026-06-08 22:47:52.112 +0800 c.g.d.p.t.a.TaskPluginManager:[44] - The task plugin has already been loaded
[WI-0][TI-0] - [WARN] 2026-06-08 22:47:54.178 +0800 c.g.d.p.t.a.TaskPluginManager:[44] - The task plugin has already been loaded
[WI-1][TI-0] - [ERROR] 2026-06-08 22:47:54.464 +0800 c.g.d.s.m.e.t.c.TaskExecutorClient:[107] - Send taskExecutorLifecycleEventAck: ITaskExecutorLifecycleEventReporter.TaskExecutorLifecycleEventAck(taskExecutorId=1, taskExecutorLifecycleEventType=FAILED) failed
com.gyyun.ds.extract.base.exception.RemoteException: Call method to Host(ip=127.0.0.1, port=1234) failed
	at com.gyyun.ds.extract.base.client.NettyRemotingClient.sendSync(NettyRemotingClient.java:147)
	at com.gyyun.ds.extract.base.client.SyncClientMethodInvoker.invoke(SyncClientMethodInvoker.java:51)
	at com.gyyun.ds.extract.base.client.ClientInvocationHandler.invoke(ClientInvocationHandler.java:56)
	at com.sun.proxy.$Proxy249.ackTaskExecutorLifecycleEvent(Unknown Source)
	at com.gyyun.ds.server.master.engine.task.client.LogicTaskExecutorClientDelegator.ackTaskExecutorLifecycleEvent(LogicTaskExecutorClientDelegator.java:124)
	at com.gyyun.ds.server.master.engine.task.client.TaskExecutorClient.ackTaskExecutorLifecycleEvent(TaskExecutorClient.java:105)
	at com.gyyun.ds.server.master.engine.task.lifecycle.handler.TaskFailedLifecycleEventHandler.handle(TaskFailedLifecycleEventHandler.java:47)
	at com.gyyun.ds.server.master.engine.task.lifecycle.handler.TaskFailedLifecycleEventHandler.handle(TaskFailedLifecycleEventHandler.java:32)
	at com.gyyun.ds.server.master.engine.task.lifecycle.handler.AbstractTaskLifecycleEventHandler.handle(AbstractTaskLifecycleEventHandler.java:46)
	at com.gyyun.ds.server.master.engine.task.lifecycle.handler.AbstractTaskLifecycleEventHandler.handle(AbstractTaskLifecycleEventHandler.java:32)
	at com.gyyun.ds.server.master.engine.WorkflowEventBusFireWorker.doFireSingleEvent(WorkflowEventBusFireWorker.java:158)
	at com.gyyun.ds.server.master.engine.WorkflowEventBusFireWorker.doFireSingleWorkflowEventBus(WorkflowEventBusFireWorker.java:125)
	at com.gyyun.ds.server.master.engine.WorkflowEventBusFireWorker.fireAllRegisteredEvent(WorkflowEventBusFireWorker.java:89)
	at java.util.concurrent.Executors$RunnableAdapter.call(Executors.java:511)
	at java.util.concurrent.FutureTask.runAndReset(FutureTask.java:308)
	at java.util.concurrent.ScheduledThreadPoolExecutor$ScheduledFutureTask.access$301(ScheduledThreadPoolExecutor.java:180)
	at java.util.concurrent.ScheduledThreadPoolExecutor$ScheduledFutureTask.run(ScheduledThreadPoolExecutor.java:294)
	at java.util.concurrent.ThreadPoolExecutor.runWorker(ThreadPoolExecutor.java:1149)
	at java.util.concurrent.ThreadPoolExecutor$Worker.run(ThreadPoolExecutor.java:624)
	at java.lang.Thread.run(Thread.java:750)
Caused by: io.netty.channel.AbstractChannel$AnnotatedConnectException: Connection refused: /127.0.0.1:1234
Caused by: java.net.ConnectException: Connection refused
	at sun.nio.ch.SocketChannelImpl.checkConnect(Native Method)
	at sun.nio.ch.SocketChannelImpl.finishConnect(SocketChannelImpl.java:716)
	at io.netty.channel.socket.nio.NioSocketChannel.doFinishConnect(NioSocketChannel.java:330)
	at io.netty.channel.nio.AbstractNioChannel$AbstractNioUnsafe.finishConnect(AbstractNioChannel.java:334)
	at io.netty.channel.nio.NioEventLoop.processSelectedKey(NioEventLoop.java:702)
	at io.netty.channel.nio.NioEventLoop.processSelectedKeysOptimized(NioEventLoop.java:650)
	at io.netty.channel.nio.NioEventLoop.processSelectedKeys(NioEventLoop.java:576)
	at io.netty.channel.nio.NioEventLoop.run(NioEventLoop.java:493)
	at io.netty.util.concurrent.SingleThreadEventExecutor$4.run(SingleThreadEventExecutor.java:989)
	at io.netty.util.internal.ThreadExecutorMap$2.run(ThreadExecutorMap.java:74)
	at java.lang.Thread.run(Thread.java:750)
[WI-0][TI-0] - [WARN] 2026-06-08 22:47:57.631 +0800 c.g.d.c.m.BaseHeartBeatTask:[78] - MasterHeartBeatTask finished...
[WI-0][TI-0] - [WARN] 2026-06-08 22:47:57.633 +0800 c.g.d.c.m.BaseHeartBeatTask:[78] - MasterHeartBeatTask finished...
[WI-0][TI-0] - [ERROR] 2026-06-08 22:47:57.634 +0800 c.g.d.c.t.ThreadUtils:[80] - Current thread sleep error
java.lang.InterruptedException: sleep interrupted
	at java.lang.Thread.sleep(Native Method)
	at com.gyyun.ds.common.thread.ThreadUtils.sleep(ThreadUtils.java:77)
	at com.gyyun.ds.server.master.engine.TaskGroupCoordinator.doStart(TaskGroupCoordinator.java:106)
	at java.lang.Thread.run(Thread.java:750)
[WI-0][TI-0] - [WARN] 2026-06-08 22:47:57.637 +0800 o.s.b.f.s.DisposableBeanAdapter:[253] - Invocation of close method failed on bean with name 'workflowEngine': org.springframework.beans.factory.BeanCreationNotAllowedException: Error creating bean with name 'workflowEventBusFireWorkers': Singleton bean creation not allowed while singletons of this factory are in destruction (Do not request a bean from a BeanFactory in a destroy method implementation!)
[WI-0][TI-0] - [WARN] 2026-06-08 22:47:57.638 +0800 o.s.b.f.s.DisposableBeanAdapter:[253] - Invocation of close method failed on bean with name 'workflowEventBusCoordinator': org.springframework.beans.factory.BeanCreationNotAllowedException: Error creating bean with name 'workflowEventBusFireWorkers': Singleton bean creation not allowed while singletons of this factory are in destruction (Do not request a bean from a BeanFactory in a destroy method implementation!)
[WI-0][TI-0] - [WARN] 2026-06-08 22:47:57.638 +0800 c.g.d.c.m.BaseHeartBeatTask:[78] - MasterHeartBeatTask finished...
[WI-0][TI-0] - [WARN] 2026-06-08 22:47:57.639 +0800 c.g.d.c.m.BaseHeartBeatTask:[78] - MasterHeartBeatTask finished...
[WI-0][TI-0] - [WARN] 2026-06-08 22:47:57.639 +0800 c.g.d.s.m.e.TaskGroupCoordinator:[453] - TaskGroupCoordinator is already closed
[WI-0][TI-0] - [WARN] 2026-06-08 22:47:57.639 +0800 c.g.d.s.m.e.TaskGroupCoordinator:[453] - TaskGroupCoordinator is already closed
[WI-0][TI-0] - [WARN] 2026-06-08 22:47:59.691 +0800 c.g.d.p.t.a.TaskPluginManager:[44] - The task plugin has already been loaded
[WI-0][TI-0] - [WARN] 2026-06-08 22:48:01.758 +0800 c.g.d.c.m.BaseHeartBeatTask:[78] - MasterHeartBeatTask finished...
[WI-0][TI-0] - [WARN] 2026-06-08 22:48:01.760 +0800 c.g.d.c.m.BaseHeartBeatTask:[78] - MasterHeartBeatTask finished...
[WI-0][TI-0] - [ERROR] 2026-06-08 22:48:01.761 +0800 c.g.d.c.t.ThreadUtils:[80] - Current thread sleep error
java.lang.InterruptedException: sleep interrupted
	at java.lang.Thread.sleep(Native Method)
	at com.gyyun.ds.common.thread.ThreadUtils.sleep(ThreadUtils.java:77)
	at com.gyyun.ds.server.master.engine.TaskGroupCoordinator.doStart(TaskGroupCoordinator.java:106)
	at java.lang.Thread.run(Thread.java:750)
[WI-0][TI-0] - [WARN] 2026-06-08 22:48:01.774 +0800 c.g.d.s.m.e.t.d.WorkerGroupDispatcher:[187] - The WorkerGroupDispatcher: WorkerGroupTaskDispatcher-default doesn't started
[WI-0][TI-0] - [WARN] 2026-06-08 22:48:01.775 +0800 c.g.d.s.m.e.t.d.WorkerGroupDispatcher:[187] - The WorkerGroupDispatcher: WorkerGroupTaskDispatcher-default doesn't started
[WI-0][TI-0] - [WARN] 2026-06-08 22:48:01.776 +0800 o.s.b.f.s.DisposableBeanAdapter:[253] - Invocation of close method failed on bean with name 'workflowEngine': org.springframework.beans.factory.BeanCreationNotAllowedException: Error creating bean with name 'workflowEventBusFireWorkers': Singleton bean creation not allowed while singletons of this factory are in destruction (Do not request a bean from a BeanFactory in a destroy method implementation!)
[WI-0][TI-0] - [WARN] 2026-06-08 22:48:01.777 +0800 o.s.b.f.s.DisposableBeanAdapter:[253] - Invocation of close method failed on bean with name 'workflowEventBusCoordinator': org.springframework.beans.factory.BeanCreationNotAllowedException: Error creating bean with name 'workflowEventBusFireWorkers': Singleton bean creation not allowed while singletons of this factory are in destruction (Do not request a bean from a BeanFactory in a destroy method implementation!)
[WI-0][TI-0] - [WARN] 2026-06-08 22:48:01.777 +0800 c.g.d.s.m.e.t.d.WorkerGroupDispatcher:[187] - The WorkerGroupDispatcher: WorkerGroupTaskDispatcher-default doesn't started
[WI-0][TI-0] - [WARN] 2026-06-08 22:48:01.777 +0800 c.g.d.c.m.BaseHeartBeatTask:[78] - MasterHeartBeatTask finished...
[WI-0][TI-0] - [WARN] 2026-06-08 22:48:01.777 +0800 c.g.d.c.m.BaseHeartBeatTask:[78] - MasterHeartBeatTask finished...
[WI-0][TI-0] - [WARN] 2026-06-08 22:48:01.777 +0800 c.g.d.s.m.e.TaskGroupCoordinator:[453] - TaskGroupCoordinator is already closed
[WI-0][TI-0] - [WARN] 2026-06-08 22:48:01.778 +0800 c.g.d.s.m.e.TaskGroupCoordinator:[453] - TaskGroupCoordinator is already closed
[WI-0][TI-0] - [WARN] 2026-06-08 22:48:03.862 +0800 c.g.d.p.t.a.TaskPluginManager:[44] - The task plugin has already been loaded
[WI-0][TI-0] - [WARN] 2026-06-08 22:48:05.129 +0800 c.g.d.c.m.BaseHeartBeatTask:[78] - MasterHeartBeatTask finished...
[WI-0][TI-0] - [WARN] 2026-06-08 22:48:05.130 +0800 c.g.d.c.m.BaseHeartBeatTask:[78] - MasterHeartBeatTask finished...
[WI-0][TI-0] - [ERROR] 2026-06-08 22:48:05.131 +0800 c.g.d.c.t.ThreadUtils:[80] - Current thread sleep error
java.lang.InterruptedException: sleep interrupted
	at java.lang.Thread.sleep(Native Method)
	at com.gyyun.ds.common.thread.ThreadUtils.sleep(ThreadUtils.java:77)
	at com.gyyun.ds.server.master.engine.TaskGroupCoordinator.doStart(TaskGroupCoordinator.java:106)
	at java.lang.Thread.run(Thread.java:750)
[WI-0][TI-0] - [WARN] 2026-06-08 22:48:05.139 +0800 o.s.b.f.s.DisposableBeanAdapter:[253] - Invocation of close method failed on bean with name 'workflowEngine': org.springframework.beans.factory.BeanCreationNotAllowedException: Error creating bean with name 'workflowEventBusFireWorkers': Singleton bean creation not allowed while singletons of this factory are in destruction (Do not request a bean from a BeanFactory in a destroy method implementation!)
[WI-0][TI-0] - [WARN] 2026-06-08 22:48:05.140 +0800 o.s.b.f.s.DisposableBeanAdapter:[253] - Invocation of close method failed on bean with name 'workflowEventBusCoordinator': org.springframework.beans.factory.BeanCreationNotAllowedException: Error creating bean with name 'workflowEventBusFireWorkers': Singleton bean creation not allowed while singletons of this factory are in destruction (Do not request a bean from a BeanFactory in a destroy method implementation!)
[WI-0][TI-0] - [WARN] 2026-06-08 22:48:05.140 +0800 c.g.d.c.m.BaseHeartBeatTask:[78] - MasterHeartBeatTask finished...
[WI-0][TI-0] - [WARN] 2026-06-08 22:48:05.140 +0800 c.g.d.c.m.BaseHeartBeatTask:[78] - MasterHeartBeatTask finished...
[WI-0][TI-0] - [WARN] 2026-06-08 22:48:05.141 +0800 c.g.d.s.m.e.TaskGroupCoordinator:[453] - TaskGroupCoordinator is already closed
[WI-0][TI-0] - [WARN] 2026-06-08 22:48:05.141 +0800 c.g.d.s.m.e.TaskGroupCoordinator:[453] - TaskGroupCoordinator is already closed
[WI-0][TI-0] - [WARN] 2026-06-08 22:48:07.278 +0800 c.g.d.p.t.a.TaskPluginManager:[44] - The task plugin has already been loaded
[WI-0][TI-0] - [WARN] 2026-06-08 22:48:11.688 +0800 c.g.d.c.m.BaseHeartBeatTask:[78] - MasterHeartBeatTask finished...
[WI-0][TI-0] - [WARN] 2026-06-08 22:48:11.689 +0800 c.g.d.c.m.BaseHeartBeatTask:[78] - MasterHeartBeatTask finished...
[WI-0][TI-0] - [ERROR] 2026-06-08 22:48:11.690 +0800 c.g.d.c.t.ThreadUtils:[80] - Current thread sleep error
java.lang.InterruptedException: sleep interrupted
	at java.lang.Thread.sleep(Native Method)
	at com.gyyun.ds.common.thread.ThreadUtils.sleep(ThreadUtils.java:77)
	at com.gyyun.ds.server.master.engine.TaskGroupCoordinator.doStart(TaskGroupCoordinator.java:106)
	at java.lang.Thread.run(Thread.java:750)
[WI-0][TI-0] - [WARN] 2026-06-08 22:48:11.699 +0800 c.g.d.s.m.e.t.d.WorkerGroupDispatcher:[187] - The WorkerGroupDispatcher: WorkerGroupTaskDispatcher-default doesn't started
[WI-0][TI-0] - [WARN] 2026-06-08 22:48:11.701 +0800 c.g.d.s.m.e.t.d.WorkerGroupDispatcher:[187] - The WorkerGroupDispatcher: WorkerGroupTaskDispatcher-default doesn't started
[WI-0][TI-0] - [WARN] 2026-06-08 22:48:11.701 +0800 o.s.b.f.s.DisposableBeanAdapter:[253] - Invocation of close method failed on bean with name 'workflowEngine': org.springframework.beans.factory.BeanCreationNotAllowedException: Error creating bean with name 'workflowEventBusFireWorkers': Singleton bean creation not allowed while singletons of this factory are in destruction (Do not request a bean from a BeanFactory in a destroy method implementation!)
[WI-0][TI-0] - [WARN] 2026-06-08 22:48:11.702 +0800 o.s.b.f.s.DisposableBeanAdapter:[253] - Invocation of close method failed on bean with name 'workflowEventBusCoordinator': org.springframework.beans.factory.BeanCreationNotAllowedException: Error creating bean with name 'workflowEventBusFireWorkers': Singleton bean creation not allowed while singletons of this factory are in destruction (Do not request a bean from a BeanFactory in a destroy method implementation!)
[WI-0][TI-0] - [WARN] 2026-06-08 22:48:11.702 +0800 c.g.d.s.m.e.t.d.WorkerGroupDispatcher:[187] - The WorkerGroupDispatcher: WorkerGroupTaskDispatcher-default doesn't started
[WI-0][TI-0] - [WARN] 2026-06-08 22:48:11.702 +0800 c.g.d.c.m.BaseHeartBeatTask:[78] - MasterHeartBeatTask finished...
[WI-0][TI-0] - [WARN] 2026-06-08 22:48:11.703 +0800 c.g.d.c.m.BaseHeartBeatTask:[78] - MasterHeartBeatTask finished...
[WI-0][TI-0] - [WARN] 2026-06-08 22:48:11.703 +0800 c.g.d.s.m.e.TaskGroupCoordinator:[453] - TaskGroupCoordinator is already closed
[WI-0][TI-0] - [WARN] 2026-06-08 22:48:11.703 +0800 c.g.d.s.m.e.TaskGroupCoordinator:[453] - TaskGroupCoordinator is already closed
[WI-0][TI-0] - [WARN] 2026-06-08 22:48:13.819 +0800 c.g.d.p.t.a.TaskPluginManager:[44] - The task plugin has already been loaded
[WI-0][TI-0] - [WARN] 2026-06-08 22:48:17.829 +0800 c.g.d.c.m.BaseHeartBeatTask:[78] - MasterHeartBeatTask finished...
[WI-0][TI-0] - [WARN] 2026-06-08 22:48:17.831 +0800 c.g.d.c.m.BaseHeartBeatTask:[78] - MasterHeartBeatTask finished...
[WI-0][TI-0] - [ERROR] 2026-06-08 22:48:17.831 +0800 c.g.d.c.t.ThreadUtils:[80] - Current thread sleep error
java.lang.InterruptedException: sleep interrupted
	at java.lang.Thread.sleep(Native Method)
	at com.gyyun.ds.common.thread.ThreadUtils.sleep(ThreadUtils.java:77)
	at com.gyyun.ds.server.master.engine.TaskGroupCoordinator.doStart(TaskGroupCoordinator.java:106)
	at java.lang.Thread.run(Thread.java:750)
[WI-0][TI-0] - [WARN] 2026-06-08 22:48:17.837 +0800 c.g.d.s.m.e.t.d.WorkerGroupDispatcher:[187] - The WorkerGroupDispatcher: WorkerGroupTaskDispatcher-default doesn't started
[WI-0][TI-0] - [WARN] 2026-06-08 22:48:17.838 +0800 c.g.d.s.m.e.t.d.WorkerGroupDispatcher:[187] - The WorkerGroupDispatcher: WorkerGroupTaskDispatcher-default doesn't started
[WI-0][TI-0] - [WARN] 2026-06-08 22:48:17.839 +0800 o.s.b.f.s.DisposableBeanAdapter:[253] - Invocation of close method failed on bean with name 'workflowEngine': org.springframework.beans.factory.BeanCreationNotAllowedException: Error creating bean with name 'workflowEventBusFireWorkers': Singleton bean creation not allowed while singletons of this factory are in destruction (Do not request a bean from a BeanFactory in a destroy method implementation!)
[WI-0][TI-0] - [WARN] 2026-06-08 22:48:17.839 +0800 o.s.b.f.s.DisposableBeanAdapter:[253] - Invocation of close method failed on bean with name 'workflowEventBusCoordinator': org.springframework.beans.factory.BeanCreationNotAllowedException: Error creating bean with name 'workflowEventBusFireWorkers': Singleton bean creation not allowed while singletons of this factory are in destruction (Do not request a bean from a BeanFactory in a destroy method implementation!)
[WI-0][TI-0] - [WARN] 2026-06-08 22:48:17.839 +0800 c.g.d.s.m.e.t.d.WorkerGroupDispatcher:[187] - The WorkerGroupDispatcher: WorkerGroupTaskDispatcher-default doesn't started
[WI-0][TI-0] - [WARN] 2026-06-08 22:48:17.839 +0800 c.g.d.c.m.BaseHeartBeatTask:[78] - MasterHeartBeatTask finished...
[WI-0][TI-0] - [WARN] 2026-06-08 22:48:17.840 +0800 c.g.d.c.m.BaseHeartBeatTask:[78] - MasterHeartBeatTask finished...
[WI-0][TI-0] - [WARN] 2026-06-08 22:48:17.840 +0800 c.g.d.s.m.e.TaskGroupCoordinator:[453] - TaskGroupCoordinator is already closed
[WI-0][TI-0] - [WARN] 2026-06-08 22:48:17.840 +0800 c.g.d.s.m.e.TaskGroupCoordinator:[453] - TaskGroupCoordinator is already closed
[WI-0][TI-0] - [WARN] 2026-06-08 22:48:19.572 +0800 c.g.d.c.m.BaseHeartBeatTask:[78] - MasterHeartBeatTask finished...
[WI-0][TI-0] - [WARN] 2026-06-08 22:48:19.573 +0800 c.g.d.c.m.BaseHeartBeatTask:[78] - MasterHeartBeatTask finished...
[WI-0][TI-0] - [ERROR] 2026-06-08 22:48:19.574 +0800 c.g.d.c.t.ThreadUtils:[80] - Current thread sleep error
java.lang.InterruptedException: sleep interrupted
	at java.lang.Thread.sleep(Native Method)
	at com.gyyun.ds.common.thread.ThreadUtils.sleep(ThreadUtils.java:77)
	at com.gyyun.ds.server.master.engine.TaskGroupCoordinator.doStart(TaskGroupCoordinator.java:106)
	at java.lang.Thread.run(Thread.java:750)
[WI-0][TI-0] - [WARN] 2026-06-08 22:48:19.581 +0800 c.g.d.s.m.e.t.d.WorkerGroupDispatcher:[187] - The WorkerGroupDispatcher: WorkerGroupTaskDispatcher-default doesn't started
[WI-0][TI-0] - [WARN] 2026-06-08 22:48:19.582 +0800 c.g.d.s.m.e.t.d.WorkerGroupDispatcher:[187] - The WorkerGroupDispatcher: WorkerGroupTaskDispatcher-default doesn't started
[WI-0][TI-0] - [WARN] 2026-06-08 22:48:19.582 +0800 o.s.b.f.s.DisposableBeanAdapter:[253] - Invocation of close method failed on bean with name 'workflowEngine': org.springframework.beans.factory.BeanCreationNotAllowedException: Error creating bean with name 'workflowEventBusFireWorkers': Singleton bean creation not allowed while singletons of this factory are in destruction (Do not request a bean from a BeanFactory in a destroy method implementation!)
[WI-0][TI-0] - [WARN] 2026-06-08 22:48:19.583 +0800 o.s.b.f.s.DisposableBeanAdapter:[253] - Invocation of close method failed on bean with name 'workflowEventBusCoordinator': org.springframework.beans.factory.BeanCreationNotAllowedException: Error creating bean with name 'workflowEventBusFireWorkers': Singleton bean creation not allowed while singletons of this factory are in destruction (Do not request a bean from a BeanFactory in a destroy method implementation!)
[WI-0][TI-0] - [WARN] 2026-06-08 22:48:19.583 +0800 c.g.d.s.m.e.t.d.WorkerGroupDispatcher:[187] - The WorkerGroupDispatcher: WorkerGroupTaskDispatcher-default doesn't started
[WI-0][TI-0] - [WARN] 2026-06-08 22:48:19.583 +0800 c.g.d.c.m.BaseHeartBeatTask:[78] - MasterHeartBeatTask finished...
[WI-0][TI-0] - [WARN] 2026-06-08 22:48:19.583 +0800 c.g.d.c.m.BaseHeartBeatTask:[78] - MasterHeartBeatTask finished...
[WI-0][TI-0] - [WARN] 2026-06-08 22:48:19.584 +0800 c.g.d.s.m.e.TaskGroupCoordinator:[453] - TaskGroupCoordinator is already closed
[WI-0][TI-0] - [WARN] 2026-06-08 22:48:19.584 +0800 c.g.d.s.m.e.TaskGroupCoordinator:[453] - TaskGroupCoordinator is already closed
[WI-0][TI-0] - [WARN] 2026-06-08 22:48:19.969 +0800 c.g.d.p.t.a.TaskPluginManager:[44] - The task plugin has already been loaded
[WI-0][TI-0] - [WARN] 2026-06-08 22:48:22.234 +0800 c.g.d.p.t.a.TaskPluginManager:[44] - The task plugin has already been loaded
[WI-0][TI-0] - [WARN] 2026-06-08 22:48:32.793 +0800 c.g.d.c.m.BaseHeartBeatTask:[78] - MasterHeartBeatTask finished...
[WI-0][TI-0] - [WARN] 2026-06-08 22:48:32.797 +0800 c.g.d.c.m.BaseHeartBeatTask:[78] - MasterHeartBeatTask finished...
[WI-0][TI-0] - [ERROR] 2026-06-08 22:48:32.797 +0800 c.g.d.c.t.ThreadUtils:[80] - Current thread sleep error
java.lang.InterruptedException: sleep interrupted
	at java.lang.Thread.sleep(Native Method)
	at com.gyyun.ds.common.thread.ThreadUtils.sleep(ThreadUtils.java:77)
	at com.gyyun.ds.server.master.engine.TaskGroupCoordinator.doStart(TaskGroupCoordinator.java:106)
	at java.lang.Thread.run(Thread.java:750)
[WI-0][TI-0] - [WARN] 2026-06-08 22:48:32.805 +0800 c.g.d.s.m.e.t.d.WorkerGroupDispatcher:[187] - The WorkerGroupDispatcher: WorkerGroupTaskDispatcher-default doesn't started
[WI-0][TI-0] - [WARN] 2026-06-08 22:48:32.805 +0800 c.g.d.s.m.e.t.d.WorkerGroupDispatcher:[187] - The WorkerGroupDispatcher: WorkerGroupTaskDispatcher-default doesn't started
[WI-0][TI-0] - [WARN] 2026-06-08 22:48:32.805 +0800 o.s.b.f.s.DisposableBeanAdapter:[253] - Invocation of close method failed on bean with name 'workflowEngine': org.springframework.beans.factory.BeanCreationNotAllowedException: Error creating bean with name 'workflowEventBusFireWorkers': Singleton bean creation not allowed while singletons of this factory are in destruction (Do not request a bean from a BeanFactory in a destroy method implementation!)
[WI-0][TI-0] - [WARN] 2026-06-08 22:48:32.806 +0800 o.s.b.f.s.DisposableBeanAdapter:[253] - Invocation of close method failed on bean with name 'workflowEventBusCoordinator': org.springframework.beans.factory.BeanCreationNotAllowedException: Error creating bean with name 'workflowEventBusFireWorkers': Singleton bean creation not allowed while singletons of this factory are in destruction (Do not request a bean from a BeanFactory in a destroy method implementation!)
[WI-0][TI-0] - [WARN] 2026-06-08 22:48:32.806 +0800 c.g.d.s.m.e.t.d.WorkerGroupDispatcher:[187] - The WorkerGroupDispatcher: WorkerGroupTaskDispatcher-default doesn't started
[WI-0][TI-0] - [WARN] 2026-06-08 22:48:32.806 +0800 c.g.d.c.m.BaseHeartBeatTask:[78] - MasterHeartBeatTask finished...
[WI-0][TI-0] - [WARN] 2026-06-08 22:48:32.806 +0800 c.g.d.c.m.BaseHeartBeatTask:[78] - MasterHeartBeatTask finished...
[WI-0][TI-0] - [WARN] 2026-06-08 22:48:32.806 +0800 c.g.d.s.m.e.TaskGroupCoordinator:[453] - TaskGroupCoordinator is already closed
[WI-0][TI-0] - [WARN] 2026-06-08 22:48:32.807 +0800 c.g.d.s.m.e.TaskGroupCoordinator:[453] - TaskGroupCoordinator is already closed
[WI-0][TI-0] - [WARN] 2026-06-08 22:48:34.949 +0800 c.g.d.p.t.a.TaskPluginManager:[44] - The task plugin has already been loaded
[WI-0][TI-0] - [WARN] 2026-06-08 22:48:35.896 +0800 c.g.d.c.m.BaseHeartBeatTask:[78] - MasterHeartBeatTask finished...
[WI-0][TI-0] - [WARN] 2026-06-08 22:48:35.897 +0800 c.g.d.c.m.BaseHeartBeatTask:[78] - MasterHeartBeatTask finished...
[WI-0][TI-0] - [ERROR] 2026-06-08 22:48:35.898 +0800 c.g.d.c.t.ThreadUtils:[80] - Current thread sleep error
java.lang.InterruptedException: sleep interrupted
	at java.lang.Thread.sleep(Native Method)
	at com.gyyun.ds.common.thread.ThreadUtils.sleep(ThreadUtils.java:77)
	at com.gyyun.ds.server.master.engine.TaskGroupCoordinator.doStart(TaskGroupCoordinator.java:106)
	at java.lang.Thread.run(Thread.java:750)
[WI-0][TI-0] - [WARN] 2026-06-08 22:48:35.905 +0800 c.g.d.s.m.e.t.d.WorkerGroupDispatcher:[187] - The WorkerGroupDispatcher: WorkerGroupTaskDispatcher-default doesn't started
[WI-0][TI-0] - [WARN] 2026-06-08 22:48:35.906 +0800 c.g.d.s.m.e.t.d.WorkerGroupDispatcher:[187] - The WorkerGroupDispatcher: WorkerGroupTaskDispatcher-default doesn't started
[WI-0][TI-0] - [WARN] 2026-06-08 22:48:35.906 +0800 o.s.b.f.s.DisposableBeanAdapter:[253] - Invocation of close method failed on bean with name 'workflowEngine': org.springframework.beans.factory.BeanCreationNotAllowedException: Error creating bean with name 'workflowEventBusFireWorkers': Singleton bean creation not allowed while singletons of this factory are in destruction (Do not request a bean from a BeanFactory in a destroy method implementation!)
[WI-0][TI-0] - [WARN] 2026-06-08 22:48:35.907 +0800 o.s.b.f.s.DisposableBeanAdapter:[253] - Invocation of close method failed on bean with name 'workflowEventBusCoordinator': org.springframework.beans.factory.BeanCreationNotAllowedException: Error creating bean with name 'workflowEventBusFireWorkers': Singleton bean creation not allowed while singletons of this factory are in destruction (Do not request a bean from a BeanFactory in a destroy method implementation!)
[WI-0][TI-0] - [WARN] 2026-06-08 22:48:35.907 +0800 c.g.d.s.m.e.t.d.WorkerGroupDispatcher:[187] - The WorkerGroupDispatcher: WorkerGroupTaskDispatcher-default doesn't started
[WI-0][TI-0] - [WARN] 2026-06-08 22:48:35.907 +0800 c.g.d.c.m.BaseHeartBeatTask:[78] - MasterHeartBeatTask finished...
[WI-0][TI-0] - [WARN] 2026-06-08 22:48:35.907 +0800 c.g.d.c.m.BaseHeartBeatTask:[78] - MasterHeartBeatTask finished...
[WI-0][TI-0] - [WARN] 2026-06-08 22:48:35.908 +0800 c.g.d.s.m.e.TaskGroupCoordinator:[453] - TaskGroupCoordinator is already closed
[WI-0][TI-0] - [WARN] 2026-06-08 22:48:35.908 +0800 c.g.d.s.m.e.TaskGroupCoordinator:[453] - TaskGroupCoordinator is already closed
[WI-0][TI-0] - [WARN] 2026-06-08 22:48:38.264 +0800 c.g.d.p.t.a.TaskPluginManager:[44] - The task plugin has already been loaded
[WI-0][TI-0] - [WARN] 2026-06-08 22:48:40.756 +0800 c.g.d.c.m.BaseHeartBeatTask:[78] - MasterHeartBeatTask finished...
[WI-0][TI-0] - [WARN] 2026-06-08 22:48:40.756 +0800 c.g.d.c.m.BaseHeartBeatTask:[78] - MasterHeartBeatTask finished...
[WI-0][TI-0] - [ERROR] 2026-06-08 22:48:40.757 +0800 c.g.d.c.t.ThreadUtils:[80] - Current thread sleep error
java.lang.InterruptedException: sleep interrupted
	at java.lang.Thread.sleep(Native Method)
	at com.gyyun.ds.common.thread.ThreadUtils.sleep(ThreadUtils.java:77)
	at com.gyyun.ds.server.master.engine.TaskGroupCoordinator.doStart(TaskGroupCoordinator.java:106)
	at java.lang.Thread.run(Thread.java:750)
[WI-0][TI-0] - [WARN] 2026-06-08 22:48:40.766 +0800 c.g.d.s.m.e.t.d.WorkerGroupDispatcher:[187] - The WorkerGroupDispatcher: WorkerGroupTaskDispatcher-default doesn't started
[WI-0][TI-0] - [WARN] 2026-06-08 22:48:40.767 +0800 c.g.d.s.m.e.t.d.WorkerGroupDispatcher:[187] - The WorkerGroupDispatcher: WorkerGroupTaskDispatcher-default doesn't started
[WI-0][TI-0] - [WARN] 2026-06-08 22:48:40.767 +0800 o.s.b.f.s.DisposableBeanAdapter:[253] - Invocation of close method failed on bean with name 'workflowEngine': org.springframework.beans.factory.BeanCreationNotAllowedException: Error creating bean with name 'workflowEventBusFireWorkers': Singleton bean creation not allowed while singletons of this factory are in destruction (Do not request a bean from a BeanFactory in a destroy method implementation!)
[WI-0][TI-0] - [WARN] 2026-06-08 22:48:40.768 +0800 o.s.b.f.s.DisposableBeanAdapter:[253] - Invocation of close method failed on bean with name 'workflowEventBusCoordinator': org.springframework.beans.factory.BeanCreationNotAllowedException: Error creating bean with name 'workflowEventBusFireWorkers': Singleton bean creation not allowed while singletons of this factory are in destruction (Do not request a bean from a BeanFactory in a destroy method implementation!)
[WI-0][TI-0] - [WARN] 2026-06-08 22:48:40.768 +0800 c.g.d.s.m.e.t.d.WorkerGroupDispatcher:[187] - The WorkerGroupDispatcher: WorkerGroupTaskDispatcher-default doesn't started
[WI-0][TI-0] - [WARN] 2026-06-08 22:48:40.768 +0800 c.g.d.c.m.BaseHeartBeatTask:[78] - MasterHeartBeatTask finished...
[WI-0][TI-0] - [WARN] 2026-06-08 22:48:40.768 +0800 c.g.d.c.m.BaseHeartBeatTask:[78] - MasterHeartBeatTask finished...
[WI-0][TI-0] - [WARN] 2026-06-08 22:48:40.769 +0800 c.g.d.s.m.e.TaskGroupCoordinator:[453] - TaskGroupCoordinator is already closed
[WI-0][TI-0] - [WARN] 2026-06-08 22:48:40.769 +0800 c.g.d.s.m.e.TaskGroupCoordinator:[453] - TaskGroupCoordinator is already closed
[WI-0][TI-0] - [WARN] 2026-06-08 22:48:42.826 +0800 c.g.d.p.t.a.TaskPluginManager:[44] - The task plugin has already been loaded
[WI-0][TI-0] - [WARN] 2026-06-08 22:48:44.029 +0800 c.g.d.c.m.BaseHeartBeatTask:[78] - MasterHeartBeatTask finished...
[WI-0][TI-0] - [WARN] 2026-06-08 22:48:44.030 +0800 c.g.d.c.m.BaseHeartBeatTask:[78] - MasterHeartBeatTask finished...
[WI-0][TI-0] - [ERROR] 2026-06-08 22:48:44.031 +0800 c.g.d.c.t.ThreadUtils:[80] - Current thread sleep error
java.lang.InterruptedException: sleep interrupted
	at java.lang.Thread.sleep(Native Method)
	at com.gyyun.ds.common.thread.ThreadUtils.sleep(ThreadUtils.java:77)
	at com.gyyun.ds.server.master.engine.TaskGroupCoordinator.doStart(TaskGroupCoordinator.java:106)
	at java.lang.Thread.run(Thread.java:750)
[WI-0][TI-0] - [WARN] 2026-06-08 22:48:44.041 +0800 c.g.d.s.m.e.t.d.WorkerGroupDispatcher:[187] - The WorkerGroupDispatcher: WorkerGroupTaskDispatcher-default doesn't started
[WI-0][TI-0] - [WARN] 2026-06-08 22:48:44.043 +0800 c.g.d.s.m.e.t.d.WorkerGroupDispatcher:[187] - The WorkerGroupDispatcher: WorkerGroupTaskDispatcher-default doesn't started
[WI-0][TI-0] - [WARN] 2026-06-08 22:48:44.043 +0800 o.s.b.f.s.DisposableBeanAdapter:[253] - Invocation of close method failed on bean with name 'workflowEngine': org.springframework.beans.factory.BeanCreationNotAllowedException: Error creating bean with name 'workflowEventBusFireWorkers': Singleton bean creation not allowed while singletons of this factory are in destruction (Do not request a bean from a BeanFactory in a destroy method implementation!)
[WI-0][TI-0] - [WARN] 2026-06-08 22:48:44.043 +0800 o.s.b.f.s.DisposableBeanAdapter:[253] - Invocation of close method failed on bean with name 'workflowEventBusCoordinator': org.springframework.beans.factory.BeanCreationNotAllowedException: Error creating bean with name 'workflowEventBusFireWorkers': Singleton bean creation not allowed while singletons of this factory are in destruction (Do not request a bean from a BeanFactory in a destroy method implementation!)
[WI-0][TI-0] - [WARN] 2026-06-08 22:48:44.044 +0800 c.g.d.s.m.e.t.d.WorkerGroupDispatcher:[187] - The WorkerGroupDispatcher: WorkerGroupTaskDispatcher-default doesn't started
[WI-0][TI-0] - [WARN] 2026-06-08 22:48:44.044 +0800 c.g.d.c.m.BaseHeartBeatTask:[78] - MasterHeartBeatTask finished...
[WI-0][TI-0] - [WARN] 2026-06-08 22:48:44.044 +0800 c.g.d.c.m.BaseHeartBeatTask:[78] - MasterHeartBeatTask finished...
[WI-0][TI-0] - [WARN] 2026-06-08 22:48:44.045 +0800 c.g.d.s.m.e.TaskGroupCoordinator:[453] - TaskGroupCoordinator is already closed
[WI-0][TI-0] - [WARN] 2026-06-08 22:48:44.045 +0800 c.g.d.s.m.e.TaskGroupCoordinator:[453] - TaskGroupCoordinator is already closed
[WI-0][TI-0] - [WARN] 2026-06-08 22:48:46.319 +0800 c.g.d.p.t.a.TaskPluginManager:[44] - The task plugin has already been loaded
[WI-0][TI-0] - [WARN] 2026-06-08 22:48:56.941 +0800 c.g.d.c.m.BaseHeartBeatTask:[78] - MasterHeartBeatTask finished...
[WI-0][TI-0] - [WARN] 2026-06-08 22:48:56.943 +0800 c.g.d.c.m.BaseHeartBeatTask:[78] - MasterHeartBeatTask finished...
[WI-0][TI-0] - [ERROR] 2026-06-08 22:48:56.944 +0800 c.g.d.c.t.ThreadUtils:[80] - Current thread sleep error
java.lang.InterruptedException: sleep interrupted
	at java.lang.Thread.sleep(Native Method)
	at com.gyyun.ds.common.thread.ThreadUtils.sleep(ThreadUtils.java:77)
	at com.gyyun.ds.server.master.engine.TaskGroupCoordinator.doStart(TaskGroupCoordinator.java:106)
	at java.lang.Thread.run(Thread.java:750)
[WI-0][TI-0] - [WARN] 2026-06-08 22:48:56.953 +0800 c.g.d.s.m.e.t.d.WorkerGroupDispatcher:[187] - The WorkerGroupDispatcher: WorkerGroupTaskDispatcher-default doesn't started
[WI-0][TI-0] - [WARN] 2026-06-08 22:48:56.954 +0800 c.g.d.s.m.e.t.d.WorkerGroupDispatcher:[187] - The WorkerGroupDispatcher: WorkerGroupTaskDispatcher-default doesn't started
[WI-0][TI-0] - [WARN] 2026-06-08 22:48:56.954 +0800 o.s.b.f.s.DisposableBeanAdapter:[253] - Invocation of close method failed on bean with name 'workflowEngine': org.springframework.beans.factory.BeanCreationNotAllowedException: Error creating bean with name 'workflowEventBusFireWorkers': Singleton bean creation not allowed while singletons of this factory are in destruction (Do not request a bean from a BeanFactory in a destroy method implementation!)
[WI-0][TI-0] - [WARN] 2026-06-08 22:48:56.955 +0800 o.s.b.f.s.DisposableBeanAdapter:[253] - Invocation of close method failed on bean with name 'workflowEventBusCoordinator': org.springframework.beans.factory.BeanCreationNotAllowedException: Error creating bean with name 'workflowEventBusFireWorkers': Singleton bean creation not allowed while singletons of this factory are in destruction (Do not request a bean from a BeanFactory in a destroy method implementation!)
[WI-0][TI-0] - [WARN] 2026-06-08 22:48:56.955 +0800 c.g.d.s.m.e.t.d.WorkerGroupDispatcher:[187] - The WorkerGroupDispatcher: WorkerGroupTaskDispatcher-default doesn't started
[WI-0][TI-0] - [WARN] 2026-06-08 22:48:56.955 +0800 c.g.d.c.m.BaseHeartBeatTask:[78] - MasterHeartBeatTask finished...
[WI-0][TI-0] - [WARN] 2026-06-08 22:48:56.955 +0800 c.g.d.c.m.BaseHeartBeatTask:[78] - MasterHeartBeatTask finished...
[WI-0][TI-0] - [WARN] 2026-06-08 22:48:56.956 +0800 c.g.d.s.m.e.TaskGroupCoordinator:[453] - TaskGroupCoordinator is already closed
[WI-0][TI-0] - [WARN] 2026-06-08 22:48:56.956 +0800 c.g.d.s.m.e.TaskGroupCoordinator:[453] - TaskGroupCoordinator is already closed
[WI-0][TI-0] - [WARN] 2026-06-08 22:48:58.995 +0800 c.g.d.p.t.a.TaskPluginManager:[44] - The task plugin has already been loaded
[WI-0][TI-0] - [WARN] 2026-06-08 22:49:03.692 +0800 c.g.d.c.m.BaseHeartBeatTask:[78] - MasterHeartBeatTask finished...
[WI-0][TI-0] - [WARN] 2026-06-08 22:49:03.694 +0800 c.g.d.c.m.BaseHeartBeatTask:[78] - MasterHeartBeatTask finished...
[WI-0][TI-0] - [ERROR] 2026-06-08 22:49:03.695 +0800 c.g.d.c.t.ThreadUtils:[80] - Current thread sleep error
java.lang.InterruptedException: sleep interrupted
	at java.lang.Thread.sleep(Native Method)
	at com.gyyun.ds.common.thread.ThreadUtils.sleep(ThreadUtils.java:77)
	at com.gyyun.ds.server.master.engine.TaskGroupCoordinator.doStart(TaskGroupCoordinator.java:106)
	at java.lang.Thread.run(Thread.java:750)
[WI-0][TI-0] - [WARN] 2026-06-08 22:49:03.704 +0800 c.g.d.s.m.e.t.d.WorkerGroupDispatcher:[187] - The WorkerGroupDispatcher: WorkerGroupTaskDispatcher-default doesn't started
[WI-0][TI-0] - [WARN] 2026-06-08 22:49:03.705 +0800 c.g.d.s.m.e.t.d.WorkerGroupDispatcher:[187] - The WorkerGroupDispatcher: WorkerGroupTaskDispatcher-default doesn't started
[WI-0][TI-0] - [WARN] 2026-06-08 22:49:03.705 +0800 o.s.b.f.s.DisposableBeanAdapter:[253] - Invocation of close method failed on bean with name 'workflowEngine': org.springframework.beans.factory.BeanCreationNotAllowedException: Error creating bean with name 'workflowEventBusFireWorkers': Singleton bean creation not allowed while singletons of this factory are in destruction (Do not request a bean from a BeanFactory in a destroy method implementation!)
[WI-0][TI-0] - [WARN] 2026-06-08 22:49:03.706 +0800 o.s.b.f.s.DisposableBeanAdapter:[253] - Invocation of close method failed on bean with name 'workflowEventBusCoordinator': org.springframework.beans.factory.BeanCreationNotAllowedException: Error creating bean with name 'workflowEventBusFireWorkers': Singleton bean creation not allowed while singletons of this factory are in destruction (Do not request a bean from a BeanFactory in a destroy method implementation!)
[WI-0][TI-0] - [WARN] 2026-06-08 22:49:03.706 +0800 c.g.d.s.m.e.t.d.WorkerGroupDispatcher:[187] - The WorkerGroupDispatcher: WorkerGroupTaskDispatcher-default doesn't started
[WI-0][TI-0] - [WARN] 2026-06-08 22:49:03.706 +0800 c.g.d.c.m.BaseHeartBeatTask:[78] - MasterHeartBeatTask finished...
[WI-0][TI-0] - [WARN] 2026-06-08 22:49:03.706 +0800 c.g.d.c.m.BaseHeartBeatTask:[78] - MasterHeartBeatTask finished...
[WI-0][TI-0] - [WARN] 2026-06-08 22:49:03.707 +0800 c.g.d.s.m.e.TaskGroupCoordinator:[453] - TaskGroupCoordinator is already closed
[WI-0][TI-0] - [WARN] 2026-06-08 22:49:03.707 +0800 c.g.d.s.m.e.TaskGroupCoordinator:[453] - TaskGroupCoordinator is already closed
[WI-0][TI-0] - [WARN] 2026-06-08 22:49:04.855 +0800 c.g.d.c.m.BaseHeartBeatTask:[78] - MasterHeartBeatTask finished...
[WI-0][TI-0] - [WARN] 2026-06-08 22:49:04.856 +0800 c.g.d.c.m.BaseHeartBeatTask:[78] - MasterHeartBeatTask finished...
[WI-0][TI-0] - [ERROR] 2026-06-08 22:49:04.856 +0800 c.g.d.c.t.ThreadUtils:[80] - Current thread sleep error
java.lang.InterruptedException: sleep interrupted
	at java.lang.Thread.sleep(Native Method)
	at com.gyyun.ds.common.thread.ThreadUtils.sleep(ThreadUtils.java:77)
	at com.gyyun.ds.server.master.engine.TaskGroupCoordinator.doStart(TaskGroupCoordinator.java:106)
	at java.lang.Thread.run(Thread.java:750)
[WI-0][TI-0] - [WARN] 2026-06-08 22:49:04.864 +0800 o.s.b.f.s.DisposableBeanAdapter:[253] - Invocation of close method failed on bean with name 'workflowEngine': org.springframework.beans.factory.BeanCreationNotAllowedException: Error creating bean with name 'workflowEventBusFireWorkers': Singleton bean creation not allowed while singletons of this factory are in destruction (Do not request a bean from a BeanFactory in a destroy method implementation!)
[WI-0][TI-0] - [WARN] 2026-06-08 22:49:04.865 +0800 o.s.b.f.s.DisposableBeanAdapter:[253] - Invocation of close method failed on bean with name 'workflowEventBusCoordinator': org.springframework.beans.factory.BeanCreationNotAllowedException: Error creating bean with name 'workflowEventBusFireWorkers': Singleton bean creation not allowed while singletons of this factory are in destruction (Do not request a bean from a BeanFactory in a destroy method implementation!)
[WI-0][TI-0] - [WARN] 2026-06-08 22:49:04.865 +0800 c.g.d.c.m.BaseHeartBeatTask:[78] - MasterHeartBeatTask finished...
[WI-0][TI-0] - [WARN] 2026-06-08 22:49:04.866 +0800 c.g.d.c.m.BaseHeartBeatTask:[78] - MasterHeartBeatTask finished...
[WI-0][TI-0] - [WARN] 2026-06-08 22:49:04.866 +0800 c.g.d.s.m.e.TaskGroupCoordinator:[453] - TaskGroupCoordinator is already closed
[WI-0][TI-0] - [WARN] 2026-06-08 22:49:04.866 +0800 c.g.d.s.m.e.TaskGroupCoordinator:[453] - TaskGroupCoordinator is already closed
[WI-0][TI-0] - [WARN] 2026-06-08 22:49:05.986 +0800 c.g.d.p.t.a.TaskPluginManager:[44] - The task plugin has already been loaded
[WI-0][TI-0] - [WARN] 2026-06-08 22:49:07.475 +0800 c.g.d.p.t.a.TaskPluginManager:[44] - The task plugin has already been loaded
[WI-0][TI-0] - [WARN] 2026-06-08 22:49:12.962 +0800 c.g.d.c.m.BaseHeartBeatTask:[78] - MasterHeartBeatTask finished...
[WI-0][TI-0] - [WARN] 2026-06-08 22:49:12.963 +0800 c.g.d.c.m.BaseHeartBeatTask:[78] - MasterHeartBeatTask finished...
[WI-0][TI-0] - [ERROR] 2026-06-08 22:49:12.964 +0800 c.g.d.c.t.ThreadUtils:[80] - Current thread sleep error
java.lang.InterruptedException: sleep interrupted
	at java.lang.Thread.sleep(Native Method)
	at com.gyyun.ds.common.thread.ThreadUtils.sleep(ThreadUtils.java:77)
	at com.gyyun.ds.server.master.engine.TaskGroupCoordinator.doStart(TaskGroupCoordinator.java:106)
	at java.lang.Thread.run(Thread.java:750)
[WI-0][TI-0] - [WARN] 2026-06-08 22:49:12.973 +0800 o.s.b.f.s.DisposableBeanAdapter:[253] - Invocation of close method failed on bean with name 'workflowEngine': org.springframework.beans.factory.BeanCreationNotAllowedException: Error creating bean with name 'workflowEventBusFireWorkers': Singleton bean creation not allowed while singletons of this factory are in destruction (Do not request a bean from a BeanFactory in a destroy method implementation!)
[WI-0][TI-0] - [WARN] 2026-06-08 22:49:12.973 +0800 o.s.b.f.s.DisposableBeanAdapter:[253] - Invocation of close method failed on bean with name 'workflowEventBusCoordinator': org.springframework.beans.factory.BeanCreationNotAllowedException: Error creating bean with name 'workflowEventBusFireWorkers': Singleton bean creation not allowed while singletons of this factory are in destruction (Do not request a bean from a BeanFactory in a destroy method implementation!)
[WI-0][TI-0] - [WARN] 2026-06-08 22:49:12.973 +0800 c.g.d.c.m.BaseHeartBeatTask:[78] - MasterHeartBeatTask finished...
[WI-0][TI-0] - [WARN] 2026-06-08 22:49:12.974 +0800 c.g.d.c.m.BaseHeartBeatTask:[78] - MasterHeartBeatTask finished...
[WI-0][TI-0] - [WARN] 2026-06-08 22:49:12.974 +0800 c.g.d.s.m.e.TaskGroupCoordinator:[453] - TaskGroupCoordinator is already closed
[WI-0][TI-0] - [WARN] 2026-06-08 22:49:12.974 +0800 c.g.d.s.m.e.TaskGroupCoordinator:[453] - TaskGroupCoordinator is already closed
[WI-0][TI-0] - [WARN] 2026-06-08 22:49:14.993 +0800 c.g.d.p.t.a.TaskPluginManager:[44] - The task plugin has already been loaded
[WI-0][TI-0] - [WARN] 2026-06-08 22:49:20.422 +0800 c.g.d.c.m.BaseHeartBeatTask:[78] - MasterHeartBeatTask finished...
[WI-0][TI-0] - [WARN] 2026-06-08 22:49:20.425 +0800 c.g.d.c.m.BaseHeartBeatTask:[78] - MasterHeartBeatTask finished...
[WI-0][TI-0] - [ERROR] 2026-06-08 22:49:20.426 +0800 c.g.d.c.t.ThreadUtils:[80] - Current thread sleep error
java.lang.InterruptedException: sleep interrupted
	at java.lang.Thread.sleep(Native Method)
	at com.gyyun.ds.common.thread.ThreadUtils.sleep(ThreadUtils.java:77)
	at com.gyyun.ds.server.master.engine.TaskGroupCoordinator.doStart(TaskGroupCoordinator.java:106)
	at java.lang.Thread.run(Thread.java:750)
[WI-0][TI-0] - [WARN] 2026-06-08 22:49:20.444 +0800 o.s.b.f.s.DisposableBeanAdapter:[253] - Invocation of close method failed on bean with name 'workflowEngine': org.springframework.beans.factory.BeanCreationNotAllowedException: Error creating bean with name 'workflowEventBusFireWorkers': Singleton bean creation not allowed while singletons of this factory are in destruction (Do not request a bean from a BeanFactory in a destroy method implementation!)
[WI-0][TI-0] - [WARN] 2026-06-08 22:49:20.444 +0800 o.s.b.f.s.DisposableBeanAdapter:[253] - Invocation of close method failed on bean with name 'workflowEventBusCoordinator': org.springframework.beans.factory.BeanCreationNotAllowedException: Error creating bean with name 'workflowEventBusFireWorkers': Singleton bean creation not allowed while singletons of this factory are in destruction (Do not request a bean from a BeanFactory in a destroy method implementation!)
[WI-0][TI-0] - [WARN] 2026-06-08 22:49:20.445 +0800 c.g.d.c.m.BaseHeartBeatTask:[78] - MasterHeartBeatTask finished...
[WI-0][TI-0] - [WARN] 2026-06-08 22:49:20.445 +0800 c.g.d.c.m.BaseHeartBeatTask:[78] - MasterHeartBeatTask finished...
[WI-0][TI-0] - [WARN] 2026-06-08 22:49:20.445 +0800 c.g.d.s.m.e.TaskGroupCoordinator:[453] - TaskGroupCoordinator is already closed
[WI-0][TI-0] - [WARN] 2026-06-08 22:49:20.446 +0800 c.g.d.s.m.e.TaskGroupCoordinator:[453] - TaskGroupCoordinator is already closed
[WI-0][TI-0] - [WARN] 2026-06-08 22:49:21.743 +0800 c.g.d.c.m.BaseHeartBeatTask:[78] - MasterHeartBeatTask finished...
[WI-0][TI-0] - [WARN] 2026-06-08 22:49:21.744 +0800 c.g.d.c.m.BaseHeartBeatTask:[78] - MasterHeartBeatTask finished...
[WI-0][TI-0] - [ERROR] 2026-06-08 22:49:21.745 +0800 c.g.d.c.t.ThreadUtils:[80] - Current thread sleep error
java.lang.InterruptedException: sleep interrupted
	at java.lang.Thread.sleep(Native Method)
	at com.gyyun.ds.common.thread.ThreadUtils.sleep(ThreadUtils.java:77)
	at com.gyyun.ds.server.master.engine.TaskGroupCoordinator.doStart(TaskGroupCoordinator.java:106)
	at java.lang.Thread.run(Thread.java:750)
[WI-0][TI-0] - [WARN] 2026-06-08 22:49:21.753 +0800 c.g.d.s.m.e.t.d.WorkerGroupDispatcher:[187] - The WorkerGroupDispatcher: WorkerGroupTaskDispatcher-default doesn't started
[WI-0][TI-0] - [WARN] 2026-06-08 22:49:21.754 +0800 c.g.d.s.m.e.t.d.WorkerGroupDispatcher:[187] - The WorkerGroupDispatcher: WorkerGroupTaskDispatcher-default doesn't started
[WI-0][TI-0] - [WARN] 2026-06-08 22:49:21.754 +0800 o.s.b.f.s.DisposableBeanAdapter:[253] - Invocation of close method failed on bean with name 'workflowEngine': org.springframework.beans.factory.BeanCreationNotAllowedException: Error creating bean with name 'workflowEventBusFireWorkers': Singleton bean creation not allowed while singletons of this factory are in destruction (Do not request a bean from a BeanFactory in a destroy method implementation!)
[WI-0][TI-0] - [WARN] 2026-06-08 22:49:21.754 +0800 o.s.b.f.s.DisposableBeanAdapter:[253] - Invocation of close method failed on bean with name 'workflowEventBusCoordinator': org.springframework.beans.factory.BeanCreationNotAllowedException: Error creating bean with name 'workflowEventBusFireWorkers': Singleton bean creation not allowed while singletons of this factory are in destruction (Do not request a bean from a BeanFactory in a destroy method implementation!)
[WI-0][TI-0] - [WARN] 2026-06-08 22:49:21.755 +0800 c.g.d.s.m.e.t.d.WorkerGroupDispatcher:[187] - The WorkerGroupDispatcher: WorkerGroupTaskDispatcher-default doesn't started
[WI-0][TI-0] - [WARN] 2026-06-08 22:49:21.755 +0800 c.g.d.c.m.BaseHeartBeatTask:[78] - MasterHeartBeatTask finished...
[WI-0][TI-0] - [WARN] 2026-06-08 22:49:21.755 +0800 c.g.d.c.m.BaseHeartBeatTask:[78] - MasterHeartBeatTask finished...
[WI-0][TI-0] - [WARN] 2026-06-08 22:49:21.755 +0800 c.g.d.s.m.e.TaskGroupCoordinator:[453] - TaskGroupCoordinator is already closed
[WI-0][TI-0] - [WARN] 2026-06-08 22:49:21.756 +0800 c.g.d.s.m.e.TaskGroupCoordinator:[453] - TaskGroupCoordinator is already closed
[WI-0][TI-0] - [WARN] 2026-06-08 22:49:22.813 +0800 c.g.d.p.t.a.TaskPluginManager:[44] - The task plugin has already been loaded
[WI-0][TI-0] - [WARN] 2026-06-08 22:49:24.418 +0800 c.g.d.p.t.a.TaskPluginManager:[44] - The task plugin has already been loaded
[WI-0][TI-0] - [WARN] 2026-06-08 22:49:32.784 +0800 c.g.d.c.m.BaseHeartBeatTask:[78] - MasterHeartBeatTask finished...
[WI-0][TI-0] - [WARN] 2026-06-08 22:49:32.787 +0800 c.g.d.c.m.BaseHeartBeatTask:[78] - MasterHeartBeatTask finished...
[WI-0][TI-0] - [ERROR] 2026-06-08 22:49:32.788 +0800 c.g.d.c.t.ThreadUtils:[80] - Current thread sleep error
java.lang.InterruptedException: sleep interrupted
	at java.lang.Thread.sleep(Native Method)
	at com.gyyun.ds.common.thread.ThreadUtils.sleep(ThreadUtils.java:77)
	at com.gyyun.ds.server.master.engine.TaskGroupCoordinator.doStart(TaskGroupCoordinator.java:106)
	at java.lang.Thread.run(Thread.java:750)
[WI-0][TI-0] - [WARN] 2026-06-08 22:49:32.805 +0800 c.g.d.s.m.e.t.d.WorkerGroupDispatcher:[187] - The WorkerGroupDispatcher: WorkerGroupTaskDispatcher-default doesn't started
[WI-0][TI-0] - [WARN] 2026-06-08 22:49:32.807 +0800 c.g.d.s.m.e.t.d.WorkerGroupDispatcher:[187] - The WorkerGroupDispatcher: WorkerGroupTaskDispatcher-default doesn't started
[WI-0][TI-0] - [WARN] 2026-06-08 22:49:32.807 +0800 o.s.b.f.s.DisposableBeanAdapter:[253] - Invocation of close method failed on bean with name 'workflowEngine': org.springframework.beans.factory.BeanCreationNotAllowedException: Error creating bean with name 'workflowEventBusFireWorkers': Singleton bean creation not allowed while singletons of this factory are in destruction (Do not request a bean from a BeanFactory in a destroy method implementation!)
[WI-0][TI-0] - [WARN] 2026-06-08 22:49:32.808 +0800 o.s.b.f.s.DisposableBeanAdapter:[253] - Invocation of close method failed on bean with name 'workflowEventBusCoordinator': org.springframework.beans.factory.BeanCreationNotAllowedException: Error creating bean with name 'workflowEventBusFireWorkers': Singleton bean creation not allowed while singletons of this factory are in destruction (Do not request a bean from a BeanFactory in a destroy method implementation!)
[WI-0][TI-0] - [WARN] 2026-06-08 22:49:32.808 +0800 c.g.d.s.m.e.t.d.WorkerGroupDispatcher:[187] - The WorkerGroupDispatcher: WorkerGroupTaskDispatcher-default doesn't started
[WI-0][TI-0] - [WARN] 2026-06-08 22:49:32.808 +0800 c.g.d.c.m.BaseHeartBeatTask:[78] - MasterHeartBeatTask finished...
[WI-0][TI-0] - [WARN] 2026-06-08 22:49:32.808 +0800 c.g.d.c.m.BaseHeartBeatTask:[78] - MasterHeartBeatTask finished...
[WI-0][TI-0] - [WARN] 2026-06-08 22:49:32.809 +0800 c.g.d.s.m.e.TaskGroupCoordinator:[453] - TaskGroupCoordinator is already closed
[WI-0][TI-0] - [WARN] 2026-06-08 22:49:32.809 +0800 c.g.d.s.m.e.TaskGroupCoordinator:[453] - TaskGroupCoordinator is already closed
[WI-0][TI-0] - [WARN] 2026-06-08 22:49:35.012 +0800 c.g.d.p.t.a.TaskPluginManager:[44] - The task plugin has already been loaded
[WI-0][TI-0] - [WARN] 2026-06-08 22:49:38.767 +0800 c.g.d.c.m.BaseHeartBeatTask:[78] - MasterHeartBeatTask finished...
[WI-0][TI-0] - [WARN] 2026-06-08 22:49:38.769 +0800 c.g.d.c.m.BaseHeartBeatTask:[78] - MasterHeartBeatTask finished...
[WI-0][TI-0] - [ERROR] 2026-06-08 22:49:38.777 +0800 c.g.d.c.t.ThreadUtils:[80] - Current thread sleep error
java.lang.InterruptedException: sleep interrupted
	at java.lang.Thread.sleep(Native Method)
	at com.gyyun.ds.common.thread.ThreadUtils.sleep(ThreadUtils.java:77)
	at com.gyyun.ds.server.master.engine.TaskGroupCoordinator.doStart(TaskGroupCoordinator.java:106)
	at java.lang.Thread.run(Thread.java:750)
[WI-0][TI-0] - [WARN] 2026-06-08 22:49:38.791 +0800 c.g.d.s.m.e.t.d.WorkerGroupDispatcher:[187] - The WorkerGroupDispatcher: WorkerGroupTaskDispatcher-default doesn't started
[WI-0][TI-0] - [WARN] 2026-06-08 22:49:38.794 +0800 c.g.d.s.m.e.t.d.WorkerGroupDispatcher:[187] - The WorkerGroupDispatcher: WorkerGroupTaskDispatcher-default doesn't started
[WI-0][TI-0] - [WARN] 2026-06-08 22:49:38.794 +0800 o.s.b.f.s.DisposableBeanAdapter:[253] - Invocation of close method failed on bean with name 'workflowEngine': org.springframework.beans.factory.BeanCreationNotAllowedException: Error creating bean with name 'workflowEventBusFireWorkers': Singleton bean creation not allowed while singletons of this factory are in destruction (Do not request a bean from a BeanFactory in a destroy method implementation!)
[WI-0][TI-0] - [WARN] 2026-06-08 22:49:38.795 +0800 o.s.b.f.s.DisposableBeanAdapter:[253] - Invocation of close method failed on bean with name 'workflowEventBusCoordinator': org.springframework.beans.factory.BeanCreationNotAllowedException: Error creating bean with name 'workflowEventBusFireWorkers': Singleton bean creation not allowed while singletons of this factory are in destruction (Do not request a bean from a BeanFactory in a destroy method implementation!)
[WI-0][TI-0] - [WARN] 2026-06-08 22:49:38.795 +0800 c.g.d.s.m.e.t.d.WorkerGroupDispatcher:[187] - The WorkerGroupDispatcher: WorkerGroupTaskDispatcher-default doesn't started
[WI-0][TI-0] - [WARN] 2026-06-08 22:49:38.795 +0800 c.g.d.c.m.BaseHeartBeatTask:[78] - MasterHeartBeatTask finished...
[WI-0][TI-0] - [WARN] 2026-06-08 22:49:38.796 +0800 c.g.d.c.m.BaseHeartBeatTask:[78] - MasterHeartBeatTask finished...
[WI-0][TI-0] - [WARN] 2026-06-08 22:49:38.796 +0800 c.g.d.s.m.e.TaskGroupCoordinator:[453] - TaskGroupCoordinator is already closed
[WI-0][TI-0] - [WARN] 2026-06-08 22:49:38.796 +0800 c.g.d.s.m.e.TaskGroupCoordinator:[453] - TaskGroupCoordinator is already closed
[WI-0][TI-0] - [WARN] 2026-06-08 22:49:41.006 +0800 c.g.d.p.t.a.TaskPluginManager:[44] - The task plugin has already been loaded
[WI-0][TI-0] - [WARN] 2026-06-08 22:49:45.635 +0800 c.g.d.c.m.BaseHeartBeatTask:[78] - MasterHeartBeatTask finished...
[WI-0][TI-0] - [WARN] 2026-06-08 22:49:45.636 +0800 c.g.d.c.m.BaseHeartBeatTask:[78] - MasterHeartBeatTask finished...
[WI-0][TI-0] - [ERROR] 2026-06-08 22:49:45.637 +0800 c.g.d.c.t.ThreadUtils:[80] - Current thread sleep error
java.lang.InterruptedException: sleep interrupted
	at java.lang.Thread.sleep(Native Method)
	at com.gyyun.ds.common.thread.ThreadUtils.sleep(ThreadUtils.java:77)
	at com.gyyun.ds.server.master.engine.TaskGroupCoordinator.doStart(TaskGroupCoordinator.java:106)
	at java.lang.Thread.run(Thread.java:750)
[WI-0][TI-0] - [WARN] 2026-06-08 22:49:45.647 +0800 c.g.d.s.m.e.t.d.WorkerGroupDispatcher:[187] - The WorkerGroupDispatcher: WorkerGroupTaskDispatcher-default doesn't started
[WI-0][TI-0] - [WARN] 2026-06-08 22:49:45.648 +0800 c.g.d.s.m.e.t.d.WorkerGroupDispatcher:[187] - The WorkerGroupDispatcher: WorkerGroupTaskDispatcher-default doesn't started
[WI-0][TI-0] - [WARN] 2026-06-08 22:49:45.648 +0800 o.s.b.f.s.DisposableBeanAdapter:[253] - Invocation of close method failed on bean with name 'workflowEngine': org.springframework.beans.factory.BeanCreationNotAllowedException: Error creating bean with name 'workflowEventBusFireWorkers': Singleton bean creation not allowed while singletons of this factory are in destruction (Do not request a bean from a BeanFactory in a destroy method implementation!)
[WI-0][TI-0] - [WARN] 2026-06-08 22:49:45.648 +0800 o.s.b.f.s.DisposableBeanAdapter:[253] - Invocation of close method failed on bean with name 'workflowEventBusCoordinator': org.springframework.beans.factory.BeanCreationNotAllowedException: Error creating bean with name 'workflowEventBusFireWorkers': Singleton bean creation not allowed while singletons of this factory are in destruction (Do not request a bean from a BeanFactory in a destroy method implementation!)
[WI-0][TI-0] - [WARN] 2026-06-08 22:49:45.649 +0800 c.g.d.s.m.e.t.d.WorkerGroupDispatcher:[187] - The WorkerGroupDispatcher: WorkerGroupTaskDispatcher-default doesn't started
[WI-0][TI-0] - [WARN] 2026-06-08 22:49:45.649 +0800 c.g.d.c.m.BaseHeartBeatTask:[78] - MasterHeartBeatTask finished...
[WI-0][TI-0] - [WARN] 2026-06-08 22:49:45.649 +0800 c.g.d.c.m.BaseHeartBeatTask:[78] - MasterHeartBeatTask finished...
[WI-0][TI-0] - [WARN] 2026-06-08 22:49:45.649 +0800 c.g.d.s.m.e.TaskGroupCoordinator:[453] - TaskGroupCoordinator is already closed
[WI-0][TI-0] - [WARN] 2026-06-08 22:49:45.649 +0800 c.g.d.s.m.e.TaskGroupCoordinator:[453] - TaskGroupCoordinator is already closed
[WI-0][TI-0] - [WARN] 2026-06-08 22:49:47.077 +0800 c.g.d.c.m.BaseHeartBeatTask:[78] - MasterHeartBeatTask finished...
[WI-0][TI-0] - [WARN] 2026-06-08 22:49:47.078 +0800 c.g.d.c.m.BaseHeartBeatTask:[78] - MasterHeartBeatTask finished...
[WI-0][TI-0] - [ERROR] 2026-06-08 22:49:47.079 +0800 c.g.d.c.t.ThreadUtils:[80] - Current thread sleep error
java.lang.InterruptedException: sleep interrupted
	at java.lang.Thread.sleep(Native Method)
	at com.gyyun.ds.common.thread.ThreadUtils.sleep(ThreadUtils.java:77)
	at com.gyyun.ds.server.master.engine.TaskGroupCoordinator.doStart(TaskGroupCoordinator.java:106)
	at java.lang.Thread.run(Thread.java:750)
[WI-0][TI-0] - [WARN] 2026-06-08 22:49:47.092 +0800 o.s.b.f.s.DisposableBeanAdapter:[253] - Invocation of close method failed on bean with name 'workflowEngine': org.springframework.beans.factory.BeanCreationNotAllowedException: Error creating bean with name 'workflowEventBusFireWorkers': Singleton bean creation not allowed while singletons of this factory are in destruction (Do not request a bean from a BeanFactory in a destroy method implementation!)
[WI-0][TI-0] - [WARN] 2026-06-08 22:49:47.095 +0800 o.s.b.f.s.DisposableBeanAdapter:[253] - Invocation of close method failed on bean with name 'workflowEventBusCoordinator': org.springframework.beans.factory.BeanCreationNotAllowedException: Error creating bean with name 'workflowEventBusFireWorkers': Singleton bean creation not allowed while singletons of this factory are in destruction (Do not request a bean from a BeanFactory in a destroy method implementation!)
[WI-0][TI-0] - [WARN] 2026-06-08 22:49:47.095 +0800 c.g.d.c.m.BaseHeartBeatTask:[78] - MasterHeartBeatTask finished...
[WI-0][TI-0] - [WARN] 2026-06-08 22:49:47.095 +0800 c.g.d.c.m.BaseHeartBeatTask:[78] - MasterHeartBeatTask finished...
[WI-0][TI-0] - [WARN] 2026-06-08 22:49:47.096 +0800 c.g.d.s.m.e.TaskGroupCoordinator:[453] - TaskGroupCoordinator is already closed
[WI-0][TI-0] - [WARN] 2026-06-08 22:49:47.096 +0800 c.g.d.s.m.e.TaskGroupCoordinator:[453] - TaskGroupCoordinator is already closed
[WI-0][TI-0] - [WARN] 2026-06-08 22:49:47.949 +0800 c.g.d.p.t.a.TaskPluginManager:[44] - The task plugin has already been loaded
[WI-0][TI-0] - [WARN] 2026-06-08 22:49:49.667 +0800 c.g.d.p.t.a.TaskPluginManager:[44] - The task plugin has already been loaded
[WI-0][TI-0] - [WARN] 2026-06-08 22:49:58.665 +0800 c.g.d.c.m.BaseHeartBeatTask:[78] - MasterHeartBeatTask finished...
[WI-0][TI-0] - [WARN] 2026-06-08 22:49:58.667 +0800 c.g.d.c.m.BaseHeartBeatTask:[78] - MasterHeartBeatTask finished...
[WI-0][TI-0] - [ERROR] 2026-06-08 22:49:58.667 +0800 c.g.d.c.t.ThreadUtils:[80] - Current thread sleep error
java.lang.InterruptedException: sleep interrupted
	at java.lang.Thread.sleep(Native Method)
	at com.gyyun.ds.common.thread.ThreadUtils.sleep(ThreadUtils.java:77)
	at com.gyyun.ds.server.master.engine.TaskGroupCoordinator.doStart(TaskGroupCoordinator.java:106)
	at java.lang.Thread.run(Thread.java:750)
[WI-0][TI-0] - [WARN] 2026-06-08 22:49:58.678 +0800 c.g.d.s.m.e.t.d.WorkerGroupDispatcher:[187] - The WorkerGroupDispatcher: WorkerGroupTaskDispatcher-default doesn't started
[WI-0][TI-0] - [WARN] 2026-06-08 22:49:58.679 +0800 c.g.d.s.m.e.t.d.WorkerGroupDispatcher:[187] - The WorkerGroupDispatcher: WorkerGroupTaskDispatcher-default doesn't started
[WI-0][TI-0] - [WARN] 2026-06-08 22:49:58.679 +0800 o.s.b.f.s.DisposableBeanAdapter:[253] - Invocation of close method failed on bean with name 'workflowEngine': org.springframework.beans.factory.BeanCreationNotAllowedException: Error creating bean with name 'workflowEventBusFireWorkers': Singleton bean creation not allowed while singletons of this factory are in destruction (Do not request a bean from a BeanFactory in a destroy method implementation!)
[WI-0][TI-0] - [WARN] 2026-06-08 22:49:58.680 +0800 o.s.b.f.s.DisposableBeanAdapter:[253] - Invocation of close method failed on bean with name 'workflowEventBusCoordinator': org.springframework.beans.factory.BeanCreationNotAllowedException: Error creating bean with name 'workflowEventBusFireWorkers': Singleton bean creation not allowed while singletons of this factory are in destruction (Do not request a bean from a BeanFactory in a destroy method implementation!)
[WI-0][TI-0] - [WARN] 2026-06-08 22:49:58.680 +0800 c.g.d.s.m.e.t.d.WorkerGroupDispatcher:[187] - The WorkerGroupDispatcher: WorkerGroupTaskDispatcher-default doesn't started
[WI-0][TI-0] - [WARN] 2026-06-08 22:49:58.680 +0800 c.g.d.c.m.BaseHeartBeatTask:[78] - MasterHeartBeatTask finished...
[WI-0][TI-0] - [WARN] 2026-06-08 22:49:58.681 +0800 c.g.d.c.m.BaseHeartBeatTask:[78] - MasterHeartBeatTask finished...
[WI-0][TI-0] - [WARN] 2026-06-08 22:49:58.681 +0800 c.g.d.s.m.e.TaskGroupCoordinator:[453] - TaskGroupCoordinator is already closed
[WI-0][TI-0] - [WARN] 2026-06-08 22:49:58.681 +0800 c.g.d.s.m.e.TaskGroupCoordinator:[453] - TaskGroupCoordinator is already closed
[WI-0][TI-0] - [WARN] 2026-06-08 22:50:00.781 +0800 c.g.d.p.t.a.TaskPluginManager:[44] - The task plugin has already been loaded
[WI-0][TI-0] - [WARN] 2026-06-08 22:50:11.353 +0800 c.g.d.c.m.BaseHeartBeatTask:[78] - MasterHeartBeatTask finished...
[WI-0][TI-0] - [WARN] 2026-06-08 22:50:11.355 +0800 c.g.d.c.m.BaseHeartBeatTask:[78] - MasterHeartBeatTask finished...
[WI-0][TI-0] - [ERROR] 2026-06-08 22:50:11.356 +0800 c.g.d.c.t.ThreadUtils:[80] - Current thread sleep error
java.lang.InterruptedException: sleep interrupted
	at java.lang.Thread.sleep(Native Method)
	at com.gyyun.ds.common.thread.ThreadUtils.sleep(ThreadUtils.java:77)
	at com.gyyun.ds.server.master.engine.TaskGroupCoordinator.doStart(TaskGroupCoordinator.java:106)
	at java.lang.Thread.run(Thread.java:750)
[WI-0][TI-0] - [WARN] 2026-06-08 22:50:11.372 +0800 c.g.d.s.m.e.t.d.WorkerGroupDispatcher:[187] - The WorkerGroupDispatcher: WorkerGroupTaskDispatcher-default doesn't started
[WI-0][TI-0] - [WARN] 2026-06-08 22:50:11.373 +0800 c.g.d.s.m.e.t.d.WorkerGroupDispatcher:[187] - The WorkerGroupDispatcher: WorkerGroupTaskDispatcher-default doesn't started
[WI-0][TI-0] - [WARN] 2026-06-08 22:50:11.373 +0800 o.s.b.f.s.DisposableBeanAdapter:[253] - Invocation of close method failed on bean with name 'workflowEngine': org.springframework.beans.factory.BeanCreationNotAllowedException: Error creating bean with name 'workflowEventBusFireWorkers': Singleton bean creation not allowed while singletons of this factory are in destruction (Do not request a bean from a BeanFactory in a destroy method implementation!)
[WI-0][TI-0] - [WARN] 2026-06-08 22:50:11.374 +0800 o.s.b.f.s.DisposableBeanAdapter:[253] - Invocation of close method failed on bean with name 'workflowEventBusCoordinator': org.springframework.beans.factory.BeanCreationNotAllowedException: Error creating bean with name 'workflowEventBusFireWorkers': Singleton bean creation not allowed while singletons of this factory are in destruction (Do not request a bean from a BeanFactory in a destroy method implementation!)
[WI-0][TI-0] - [WARN] 2026-06-08 22:50:11.374 +0800 c.g.d.s.m.e.t.d.WorkerGroupDispatcher:[187] - The WorkerGroupDispatcher: WorkerGroupTaskDispatcher-default doesn't started
[WI-0][TI-0] - [WARN] 2026-06-08 22:50:11.374 +0800 c.g.d.c.m.BaseHeartBeatTask:[78] - MasterHeartBeatTask finished...
[WI-0][TI-0] - [WARN] 2026-06-08 22:50:11.375 +0800 c.g.d.c.m.BaseHeartBeatTask:[78] - MasterHeartBeatTask finished...
[WI-0][TI-0] - [WARN] 2026-06-08 22:50:11.375 +0800 c.g.d.s.m.e.TaskGroupCoordinator:[453] - TaskGroupCoordinator is already closed
[WI-0][TI-0] - [WARN] 2026-06-08 22:50:11.375 +0800 c.g.d.s.m.e.TaskGroupCoordinator:[453] - TaskGroupCoordinator is already closed
[WI-0][TI-0] - [WARN] 2026-06-08 22:50:13.513 +0800 c.g.d.p.t.a.TaskPluginManager:[44] - The task plugin has already been loaded
[WI-0][TI-0] - [WARN] 2026-06-08 22:50:23.981 +0800 c.g.d.c.m.BaseHeartBeatTask:[78] - MasterHeartBeatTask finished...
[WI-0][TI-0] - [WARN] 2026-06-08 22:50:23.983 +0800 c.g.d.c.m.BaseHeartBeatTask:[78] - MasterHeartBeatTask finished...
[WI-0][TI-0] - [ERROR] 2026-06-08 22:50:23.983 +0800 c.g.d.c.t.ThreadUtils:[80] - Current thread sleep error
java.lang.InterruptedException: sleep interrupted
	at java.lang.Thread.sleep(Native Method)
	at com.gyyun.ds.common.thread.ThreadUtils.sleep(ThreadUtils.java:77)
	at com.gyyun.ds.server.master.engine.TaskGroupCoordinator.doStart(TaskGroupCoordinator.java:106)
	at java.lang.Thread.run(Thread.java:750)
[WI-0][TI-0] - [WARN] 2026-06-08 22:50:23.992 +0800 c.g.d.s.m.e.t.d.WorkerGroupDispatcher:[187] - The WorkerGroupDispatcher: WorkerGroupTaskDispatcher-default doesn't started
[WI-0][TI-0] - [WARN] 2026-06-08 22:50:23.993 +0800 c.g.d.s.m.e.t.d.WorkerGroupDispatcher:[187] - The WorkerGroupDispatcher: WorkerGroupTaskDispatcher-default doesn't started
[WI-0][TI-0] - [WARN] 2026-06-08 22:50:23.994 +0800 o.s.b.f.s.DisposableBeanAdapter:[253] - Invocation of close method failed on bean with name 'workflowEngine': org.springframework.beans.factory.BeanCreationNotAllowedException: Error creating bean with name 'workflowEventBusFireWorkers': Singleton bean creation not allowed while singletons of this factory are in destruction (Do not request a bean from a BeanFactory in a destroy method implementation!)
[WI-0][TI-0] - [WARN] 2026-06-08 22:50:23.994 +0800 o.s.b.f.s.DisposableBeanAdapter:[253] - Invocation of close method failed on bean with name 'workflowEventBusCoordinator': org.springframework.beans.factory.BeanCreationNotAllowedException: Error creating bean with name 'workflowEventBusFireWorkers': Singleton bean creation not allowed while singletons of this factory are in destruction (Do not request a bean from a BeanFactory in a destroy method implementation!)
[WI-0][TI-0] - [WARN] 2026-06-08 22:50:23.994 +0800 c.g.d.s.m.e.t.d.WorkerGroupDispatcher:[187] - The WorkerGroupDispatcher: WorkerGroupTaskDispatcher-default doesn't started
[WI-0][TI-0] - [WARN] 2026-06-08 22:50:23.994 +0800 c.g.d.c.m.BaseHeartBeatTask:[78] - MasterHeartBeatTask finished...
[WI-0][TI-0] - [WARN] 2026-06-08 22:50:23.994 +0800 c.g.d.c.m.BaseHeartBeatTask:[78] - MasterHeartBeatTask finished...
[WI-0][TI-0] - [WARN] 2026-06-08 22:50:23.995 +0800 c.g.d.s.m.e.TaskGroupCoordinator:[453] - TaskGroupCoordinator is already closed
[WI-0][TI-0] - [WARN] 2026-06-08 22:50:23.995 +0800 c.g.d.s.m.e.TaskGroupCoordinator:[453] - TaskGroupCoordinator is already closed
[WI-0][TI-0] - [WARN] 2026-06-08 22:50:25.266 +0800 c.g.d.c.m.BaseHeartBeatTask:[78] - MasterHeartBeatTask finished...
[WI-0][TI-0] - [WARN] 2026-06-08 22:50:25.267 +0800 c.g.d.c.m.BaseHeartBeatTask:[78] - MasterHeartBeatTask finished...
[WI-0][TI-0] - [ERROR] 2026-06-08 22:50:25.268 +0800 c.g.d.c.t.ThreadUtils:[80] - Current thread sleep error
java.lang.InterruptedException: sleep interrupted
	at java.lang.Thread.sleep(Native Method)
	at com.gyyun.ds.common.thread.ThreadUtils.sleep(ThreadUtils.java:77)
	at com.gyyun.ds.server.master.engine.TaskGroupCoordinator.doStart(TaskGroupCoordinator.java:106)
	at java.lang.Thread.run(Thread.java:750)
[WI-0][TI-0] - [WARN] 2026-06-08 22:50:25.278 +0800 c.g.d.s.m.e.t.d.WorkerGroupDispatcher:[187] - The WorkerGroupDispatcher: WorkerGroupTaskDispatcher-default doesn't started
[WI-0][TI-0] - [WARN] 2026-06-08 22:50:25.279 +0800 c.g.d.s.m.e.t.d.WorkerGroupDispatcher:[187] - The WorkerGroupDispatcher: WorkerGroupTaskDispatcher-default doesn't started
[WI-0][TI-0] - [WARN] 2026-06-08 22:50:25.279 +0800 o.s.b.f.s.DisposableBeanAdapter:[253] - Invocation of close method failed on bean with name 'workflowEngine': org.springframework.beans.factory.BeanCreationNotAllowedException: Error creating bean with name 'workflowEventBusFireWorkers': Singleton bean creation not allowed while singletons of this factory are in destruction (Do not request a bean from a BeanFactory in a destroy method implementation!)
[WI-0][TI-0] - [WARN] 2026-06-08 22:50:25.280 +0800 o.s.b.f.s.DisposableBeanAdapter:[253] - Invocation of close method failed on bean with name 'workflowEventBusCoordinator': org.springframework.beans.factory.BeanCreationNotAllowedException: Error creating bean with name 'workflowEventBusFireWorkers': Singleton bean creation not allowed while singletons of this factory are in destruction (Do not request a bean from a BeanFactory in a destroy method implementation!)
[WI-0][TI-0] - [WARN] 2026-06-08 22:50:25.280 +0800 c.g.d.s.m.e.t.d.WorkerGroupDispatcher:[187] - The WorkerGroupDispatcher: WorkerGroupTaskDispatcher-default doesn't started
[WI-0][TI-0] - [WARN] 2026-06-08 22:50:25.280 +0800 c.g.d.c.m.BaseHeartBeatTask:[78] - MasterHeartBeatTask finished...
[WI-0][TI-0] - [WARN] 2026-06-08 22:50:25.280 +0800 c.g.d.c.m.BaseHeartBeatTask:[78] - MasterHeartBeatTask finished...
[WI-0][TI-0] - [WARN] 2026-06-08 22:50:25.280 +0800 c.g.d.s.m.e.TaskGroupCoordinator:[453] - TaskGroupCoordinator is already closed
[WI-0][TI-0] - [WARN] 2026-06-08 22:50:25.280 +0800 c.g.d.s.m.e.TaskGroupCoordinator:[453] - TaskGroupCoordinator is already closed
[WI-0][TI-0] - [WARN] 2026-06-08 22:50:26.348 +0800 c.g.d.p.t.a.TaskPluginManager:[44] - The task plugin has already been loaded
[WI-0][TI-0] - [WARN] 2026-06-08 22:50:27.863 +0800 c.g.d.p.t.a.TaskPluginManager:[44] - The task plugin has already been loaded
[WI-0][TI-0] - [WARN] 2026-06-08 22:50:32.085 +0800 c.g.d.c.m.BaseHeartBeatTask:[78] - MasterHeartBeatTask finished...
[WI-0][TI-0] - [WARN] 2026-06-08 22:50:32.087 +0800 c.g.d.c.m.BaseHeartBeatTask:[78] - MasterHeartBeatTask finished...
[WI-0][TI-0] - [ERROR] 2026-06-08 22:50:32.088 +0800 c.g.d.c.t.ThreadUtils:[80] - Current thread sleep error
java.lang.InterruptedException: sleep interrupted
	at java.lang.Thread.sleep(Native Method)
	at com.gyyun.ds.common.thread.ThreadUtils.sleep(ThreadUtils.java:77)
	at com.gyyun.ds.server.master.engine.TaskGroupCoordinator.doStart(TaskGroupCoordinator.java:106)
	at java.lang.Thread.run(Thread.java:750)
[WI-0][TI-0] - [WARN] 2026-06-08 22:50:32.103 +0800 c.g.d.s.m.e.t.d.WorkerGroupDispatcher:[187] - The WorkerGroupDispatcher: WorkerGroupTaskDispatcher-default doesn't started
[WI-0][TI-0] - [WARN] 2026-06-08 22:50:32.104 +0800 c.g.d.s.m.e.t.d.WorkerGroupDispatcher:[187] - The WorkerGroupDispatcher: WorkerGroupTaskDispatcher-default doesn't started
[WI-0][TI-0] - [WARN] 2026-06-08 22:50:32.104 +0800 o.s.b.f.s.DisposableBeanAdapter:[253] - Invocation of close method failed on bean with name 'workflowEngine': org.springframework.beans.factory.BeanCreationNotAllowedException: Error creating bean with name 'workflowEventBusFireWorkers': Singleton bean creation not allowed while singletons of this factory are in destruction (Do not request a bean from a BeanFactory in a destroy method implementation!)
[WI-0][TI-0] - [WARN] 2026-06-08 22:50:32.104 +0800 o.s.b.f.s.DisposableBeanAdapter:[253] - Invocation of close method failed on bean with name 'workflowEventBusCoordinator': org.springframework.beans.factory.BeanCreationNotAllowedException: Error creating bean with name 'workflowEventBusFireWorkers': Singleton bean creation not allowed while singletons of this factory are in destruction (Do not request a bean from a BeanFactory in a destroy method implementation!)
[WI-0][TI-0] - [WARN] 2026-06-08 22:50:32.105 +0800 c.g.d.s.m.e.t.d.WorkerGroupDispatcher:[187] - The WorkerGroupDispatcher: WorkerGroupTaskDispatcher-default doesn't started
[WI-0][TI-0] - [WARN] 2026-06-08 22:50:32.105 +0800 c.g.d.c.m.BaseHeartBeatTask:[78] - MasterHeartBeatTask finished...
[WI-0][TI-0] - [WARN] 2026-06-08 22:50:32.105 +0800 c.g.d.c.m.BaseHeartBeatTask:[78] - MasterHeartBeatTask finished...
[WI-0][TI-0] - [WARN] 2026-06-08 22:50:32.106 +0800 c.g.d.s.m.e.TaskGroupCoordinator:[453] - TaskGroupCoordinator is already closed
[WI-0][TI-0] - [WARN] 2026-06-08 22:50:32.106 +0800 c.g.d.s.m.e.TaskGroupCoordinator:[453] - TaskGroupCoordinator is already closed
[WI-0][TI-0] - [WARN] 2026-06-08 22:50:34.244 +0800 c.g.d.p.t.a.TaskPluginManager:[44] - The task plugin has already been loaded
[WI-0][TI-0] - [WARN] 2026-06-08 22:50:40.351 +0800 c.g.d.c.m.BaseHeartBeatTask:[78] - MasterHeartBeatTask finished...
[WI-0][TI-0] - [WARN] 2026-06-08 22:50:40.352 +0800 c.g.d.c.m.BaseHeartBeatTask:[78] - MasterHeartBeatTask finished...
[WI-0][TI-0] - [ERROR] 2026-06-08 22:50:40.353 +0800 c.g.d.c.t.ThreadUtils:[80] - Current thread sleep error
java.lang.InterruptedException: sleep interrupted
	at java.lang.Thread.sleep(Native Method)
	at com.gyyun.ds.common.thread.ThreadUtils.sleep(ThreadUtils.java:77)
	at com.gyyun.ds.server.master.engine.TaskGroupCoordinator.doStart(TaskGroupCoordinator.java:106)
	at java.lang.Thread.run(Thread.java:750)
[WI-0][TI-0] - [WARN] 2026-06-08 22:50:40.365 +0800 c.g.d.s.m.e.t.d.WorkerGroupDispatcher:[187] - The WorkerGroupDispatcher: WorkerGroupTaskDispatcher-default doesn't started
[WI-0][TI-0] - [WARN] 2026-06-08 22:50:40.366 +0800 c.g.d.s.m.e.t.d.WorkerGroupDispatcher:[187] - The WorkerGroupDispatcher: WorkerGroupTaskDispatcher-default doesn't started
[WI-0][TI-0] - [WARN] 2026-06-08 22:50:40.366 +0800 o.s.b.f.s.DisposableBeanAdapter:[253] - Invocation of close method failed on bean with name 'workflowEngine': org.springframework.beans.factory.BeanCreationNotAllowedException: Error creating bean with name 'workflowEventBusFireWorkers': Singleton bean creation not allowed while singletons of this factory are in destruction (Do not request a bean from a BeanFactory in a destroy method implementation!)
[WI-0][TI-0] - [WARN] 2026-06-08 22:50:40.367 +0800 o.s.b.f.s.DisposableBeanAdapter:[253] - Invocation of close method failed on bean with name 'workflowEventBusCoordinator': org.springframework.beans.factory.BeanCreationNotAllowedException: Error creating bean with name 'workflowEventBusFireWorkers': Singleton bean creation not allowed while singletons of this factory are in destruction (Do not request a bean from a BeanFactory in a destroy method implementation!)
[WI-0][TI-0] - [WARN] 2026-06-08 22:50:40.367 +0800 c.g.d.s.m.e.t.d.WorkerGroupDispatcher:[187] - The WorkerGroupDispatcher: WorkerGroupTaskDispatcher-default doesn't started
[WI-0][TI-0] - [WARN] 2026-06-08 22:50:40.367 +0800 c.g.d.c.m.BaseHeartBeatTask:[78] - MasterHeartBeatTask finished...
[WI-0][TI-0] - [WARN] 2026-06-08 22:50:40.367 +0800 c.g.d.c.m.BaseHeartBeatTask:[78] - MasterHeartBeatTask finished...
[WI-0][TI-0] - [WARN] 2026-06-08 22:50:40.368 +0800 c.g.d.s.m.e.TaskGroupCoordinator:[453] - TaskGroupCoordinator is already closed
[WI-0][TI-0] - [WARN] 2026-06-08 22:50:40.368 +0800 c.g.d.s.m.e.TaskGroupCoordinator:[453] - TaskGroupCoordinator is already closed
[WI-0][TI-0] - [WARN] 2026-06-08 22:50:42.680 +0800 c.g.d.p.t.a.TaskPluginManager:[44] - The task plugin has already been loaded
[WI-0][TI-0] - [WARN] 2026-06-08 22:50:49.567 +0800 c.g.d.c.m.BaseHeartBeatTask:[78] - MasterHeartBeatTask finished...
[WI-0][TI-0] - [WARN] 2026-06-08 22:50:49.568 +0800 c.g.d.c.m.BaseHeartBeatTask:[78] - MasterHeartBeatTask finished...
[WI-0][TI-0] - [ERROR] 2026-06-08 22:50:49.569 +0800 c.g.d.c.t.ThreadUtils:[80] - Current thread sleep error
java.lang.InterruptedException: sleep interrupted
	at java.lang.Thread.sleep(Native Method)
	at com.gyyun.ds.common.thread.ThreadUtils.sleep(ThreadUtils.java:77)
	at com.gyyun.ds.server.master.engine.TaskGroupCoordinator.doStart(TaskGroupCoordinator.java:106)
	at java.lang.Thread.run(Thread.java:750)
[WI-0][TI-0] - [WARN] 2026-06-08 22:50:49.581 +0800 c.g.d.s.m.e.t.d.WorkerGroupDispatcher:[187] - The WorkerGroupDispatcher: WorkerGroupTaskDispatcher-default doesn't started
[WI-0][TI-0] - [WARN] 2026-06-08 22:50:49.582 +0800 c.g.d.s.m.e.t.d.WorkerGroupDispatcher:[187] - The WorkerGroupDispatcher: WorkerGroupTaskDispatcher-default doesn't started
[WI-0][TI-0] - [WARN] 2026-06-08 22:50:49.582 +0800 o.s.b.f.s.DisposableBeanAdapter:[253] - Invocation of close method failed on bean with name 'workflowEngine': org.springframework.beans.factory.BeanCreationNotAllowedException: Error creating bean with name 'workflowEventBusFireWorkers': Singleton bean creation not allowed while singletons of this factory are in destruction (Do not request a bean from a BeanFactory in a destroy method implementation!)
[WI-0][TI-0] - [WARN] 2026-06-08 22:50:49.583 +0800 o.s.b.f.s.DisposableBeanAdapter:[253] - Invocation of close method failed on bean with name 'workflowEventBusCoordinator': org.springframework.beans.factory.BeanCreationNotAllowedException: Error creating bean with name 'workflowEventBusFireWorkers': Singleton bean creation not allowed while singletons of this factory are in destruction (Do not request a bean from a BeanFactory in a destroy method implementation!)
[WI-0][TI-0] - [WARN] 2026-06-08 22:50:49.583 +0800 c.g.d.s.m.e.t.d.WorkerGroupDispatcher:[187] - The WorkerGroupDispatcher: WorkerGroupTaskDispatcher-default doesn't started
[WI-0][TI-0] - [WARN] 2026-06-08 22:50:49.583 +0800 c.g.d.c.m.BaseHeartBeatTask:[78] - MasterHeartBeatTask finished...
[WI-0][TI-0] - [WARN] 2026-06-08 22:50:49.583 +0800 c.g.d.c.m.BaseHeartBeatTask:[78] - MasterHeartBeatTask finished...
[WI-0][TI-0] - [WARN] 2026-06-08 22:50:49.584 +0800 c.g.d.s.m.e.TaskGroupCoordinator:[453] - TaskGroupCoordinator is already closed
[WI-0][TI-0] - [WARN] 2026-06-08 22:50:49.584 +0800 c.g.d.s.m.e.TaskGroupCoordinator:[453] - TaskGroupCoordinator is already closed
[WI-0][TI-0] - [WARN] 2026-06-08 22:50:51.824 +0800 c.g.d.p.t.a.TaskPluginManager:[44] - The task plugin has already been loaded
[WI-0][TI-0] - [WARN] 2026-06-08 22:50:58.067 +0800 c.g.d.c.m.BaseHeartBeatTask:[78] - MasterHeartBeatTask finished...
[WI-0][TI-0] - [WARN] 2026-06-08 22:50:58.067 +0800 c.g.d.c.m.BaseHeartBeatTask:[78] - MasterHeartBeatTask finished...
[WI-0][TI-0] - [ERROR] 2026-06-08 22:50:58.068 +0800 c.g.d.c.t.ThreadUtils:[80] - Current thread sleep error
java.lang.InterruptedException: sleep interrupted
	at java.lang.Thread.sleep(Native Method)
	at com.gyyun.ds.common.thread.ThreadUtils.sleep(ThreadUtils.java:77)
	at com.gyyun.ds.server.master.engine.TaskGroupCoordinator.doStart(TaskGroupCoordinator.java:106)
	at java.lang.Thread.run(Thread.java:750)
[WI-0][TI-0] - [WARN] 2026-06-08 22:50:58.086 +0800 c.g.d.s.m.e.t.d.WorkerGroupDispatcher:[187] - The WorkerGroupDispatcher: WorkerGroupTaskDispatcher-default doesn't started
[WI-0][TI-0] - [WARN] 2026-06-08 22:50:58.088 +0800 c.g.d.s.m.e.t.d.WorkerGroupDispatcher:[187] - The WorkerGroupDispatcher: WorkerGroupTaskDispatcher-default doesn't started
[WI-0][TI-0] - [WARN] 2026-06-08 22:50:58.089 +0800 o.s.b.f.s.DisposableBeanAdapter:[253] - Invocation of close method failed on bean with name 'workflowEngine': org.springframework.beans.factory.BeanCreationNotAllowedException: Error creating bean with name 'workflowEventBusFireWorkers': Singleton bean creation not allowed while singletons of this factory are in destruction (Do not request a bean from a BeanFactory in a destroy method implementation!)
[WI-0][TI-0] - [WARN] 2026-06-08 22:50:58.089 +0800 o.s.b.f.s.DisposableBeanAdapter:[253] - Invocation of close method failed on bean with name 'workflowEventBusCoordinator': org.springframework.beans.factory.BeanCreationNotAllowedException: Error creating bean with name 'workflowEventBusFireWorkers': Singleton bean creation not allowed while singletons of this factory are in destruction (Do not request a bean from a BeanFactory in a destroy method implementation!)
[WI-0][TI-0] - [WARN] 2026-06-08 22:50:58.089 +0800 c.g.d.s.m.e.t.d.WorkerGroupDispatcher:[187] - The WorkerGroupDispatcher: WorkerGroupTaskDispatcher-default doesn't started
[WI-0][TI-0] - [WARN] 2026-06-08 22:50:58.089 +0800 c.g.d.c.m.BaseHeartBeatTask:[78] - MasterHeartBeatTask finished...
[WI-0][TI-0] - [WARN] 2026-06-08 22:50:58.090 +0800 c.g.d.c.m.BaseHeartBeatTask:[78] - MasterHeartBeatTask finished...
[WI-0][TI-0] - [WARN] 2026-06-08 22:50:58.090 +0800 c.g.d.s.m.e.TaskGroupCoordinator:[453] - TaskGroupCoordinator is already closed
[WI-0][TI-0] - [WARN] 2026-06-08 22:50:58.090 +0800 c.g.d.s.m.e.TaskGroupCoordinator:[453] - TaskGroupCoordinator is already closed
[WI-0][TI-0] - [WARN] 2026-06-08 22:51:00.255 +0800 c.g.d.p.t.a.TaskPluginManager:[44] - The task plugin has already been loaded
[WI-0][TI-0] - [WARN] 2026-06-08 22:51:06.567 +0800 c.g.d.c.m.BaseHeartBeatTask:[78] - MasterHeartBeatTask finished...
[WI-0][TI-0] - [WARN] 2026-06-08 22:51:06.568 +0800 c.g.d.c.m.BaseHeartBeatTask:[78] - MasterHeartBeatTask finished...
[WI-0][TI-0] - [ERROR] 2026-06-08 22:51:06.568 +0800 c.g.d.c.t.ThreadUtils:[80] - Current thread sleep error
java.lang.InterruptedException: sleep interrupted
	at java.lang.Thread.sleep(Native Method)
	at com.gyyun.ds.common.thread.ThreadUtils.sleep(ThreadUtils.java:77)
	at com.gyyun.ds.server.master.engine.TaskGroupCoordinator.doStart(TaskGroupCoordinator.java:106)
	at java.lang.Thread.run(Thread.java:750)
[WI-0][TI-0] - [WARN] 2026-06-08 22:51:06.577 +0800 c.g.d.s.m.e.t.d.WorkerGroupDispatcher:[187] - The WorkerGroupDispatcher: WorkerGroupTaskDispatcher-default doesn't started
[WI-0][TI-0] - [WARN] 2026-06-08 22:51:06.579 +0800 c.g.d.s.m.e.t.d.WorkerGroupDispatcher:[187] - The WorkerGroupDispatcher: WorkerGroupTaskDispatcher-default doesn't started
[WI-0][TI-0] - [WARN] 2026-06-08 22:51:06.579 +0800 o.s.b.f.s.DisposableBeanAdapter:[253] - Invocation of close method failed on bean with name 'workflowEngine': org.springframework.beans.factory.BeanCreationNotAllowedException: Error creating bean with name 'workflowEventBusFireWorkers': Singleton bean creation not allowed while singletons of this factory are in destruction (Do not request a bean from a BeanFactory in a destroy method implementation!)
[WI-0][TI-0] - [WARN] 2026-06-08 22:51:06.579 +0800 o.s.b.f.s.DisposableBeanAdapter:[253] - Invocation of close method failed on bean with name 'workflowEventBusCoordinator': org.springframework.beans.factory.BeanCreationNotAllowedException: Error creating bean with name 'workflowEventBusFireWorkers': Singleton bean creation not allowed while singletons of this factory are in destruction (Do not request a bean from a BeanFactory in a destroy method implementation!)
[WI-0][TI-0] - [WARN] 2026-06-08 22:51:06.580 +0800 c.g.d.s.m.e.t.d.WorkerGroupDispatcher:[187] - The WorkerGroupDispatcher: WorkerGroupTaskDispatcher-default doesn't started
[WI-0][TI-0] - [WARN] 2026-06-08 22:51:06.580 +0800 c.g.d.c.m.BaseHeartBeatTask:[78] - MasterHeartBeatTask finished...
[WI-0][TI-0] - [WARN] 2026-06-08 22:51:06.580 +0800 c.g.d.c.m.BaseHeartBeatTask:[78] - MasterHeartBeatTask finished...
[WI-0][TI-0] - [WARN] 2026-06-08 22:51:06.580 +0800 c.g.d.s.m.e.TaskGroupCoordinator:[453] - TaskGroupCoordinator is already closed
[WI-0][TI-0] - [WARN] 2026-06-08 22:51:06.580 +0800 c.g.d.s.m.e.TaskGroupCoordinator:[453] - TaskGroupCoordinator is already closed
[WI-0][TI-0] - [WARN] 2026-06-08 22:51:08.706 +0800 c.g.d.p.t.a.TaskPluginManager:[44] - The task plugin has already been loaded
[WI-0][TI-0] - [WARN] 2026-06-08 22:51:19.233 +0800 c.g.d.c.m.BaseHeartBeatTask:[78] - MasterHeartBeatTask finished...
[WI-0][TI-0] - [WARN] 2026-06-08 22:51:19.235 +0800 c.g.d.c.m.BaseHeartBeatTask:[78] - MasterHeartBeatTask finished...
[WI-0][TI-0] - [ERROR] 2026-06-08 22:51:19.236 +0800 c.g.d.c.t.ThreadUtils:[80] - Current thread sleep error
java.lang.InterruptedException: sleep interrupted
	at java.lang.Thread.sleep(Native Method)
	at com.gyyun.ds.common.thread.ThreadUtils.sleep(ThreadUtils.java:77)
	at com.gyyun.ds.server.master.engine.TaskGroupCoordinator.doStart(TaskGroupCoordinator.java:106)
	at java.lang.Thread.run(Thread.java:750)
[WI-0][TI-0] - [WARN] 2026-06-08 22:51:19.254 +0800 c.g.d.s.m.e.t.d.WorkerGroupDispatcher:[187] - The WorkerGroupDispatcher: WorkerGroupTaskDispatcher-default doesn't started
[WI-0][TI-0] - [WARN] 2026-06-08 22:51:19.256 +0800 c.g.d.s.m.e.t.d.WorkerGroupDispatcher:[187] - The WorkerGroupDispatcher: WorkerGroupTaskDispatcher-default doesn't started
[WI-0][TI-0] - [WARN] 2026-06-08 22:51:19.257 +0800 o.s.b.f.s.DisposableBeanAdapter:[253] - Invocation of close method failed on bean with name 'workflowEngine': org.springframework.beans.factory.BeanCreationNotAllowedException: Error creating bean with name 'workflowEventBusFireWorkers': Singleton bean creation not allowed while singletons of this factory are in destruction (Do not request a bean from a BeanFactory in a destroy method implementation!)
[WI-0][TI-0] - [WARN] 2026-06-08 22:51:19.257 +0800 o.s.b.f.s.DisposableBeanAdapter:[253] - Invocation of close method failed on bean with name 'workflowEventBusCoordinator': org.springframework.beans.factory.BeanCreationNotAllowedException: Error creating bean with name 'workflowEventBusFireWorkers': Singleton bean creation not allowed while singletons of this factory are in destruction (Do not request a bean from a BeanFactory in a destroy method implementation!)
[WI-0][TI-0] - [WARN] 2026-06-08 22:51:19.257 +0800 c.g.d.s.m.e.t.d.WorkerGroupDispatcher:[187] - The WorkerGroupDispatcher: WorkerGroupTaskDispatcher-default doesn't started
[WI-0][TI-0] - [WARN] 2026-06-08 22:51:19.258 +0800 c.g.d.c.m.BaseHeartBeatTask:[78] - MasterHeartBeatTask finished...
[WI-0][TI-0] - [WARN] 2026-06-08 22:51:19.258 +0800 c.g.d.c.m.BaseHeartBeatTask:[78] - MasterHeartBeatTask finished...
[WI-0][TI-0] - [WARN] 2026-06-08 22:51:19.258 +0800 c.g.d.s.m.e.TaskGroupCoordinator:[453] - TaskGroupCoordinator is already closed
[WI-0][TI-0] - [WARN] 2026-06-08 22:51:19.258 +0800 c.g.d.s.m.e.TaskGroupCoordinator:[453] - TaskGroupCoordinator is already closed
[WI-0][TI-0] - [WARN] 2026-06-08 22:51:21.371 +0800 c.g.d.p.t.a.TaskPluginManager:[44] - The task plugin has already been loaded
[WI-0][TI-0] - [WARN] 2026-06-08 22:51:36.908 +0800 c.g.d.c.m.BaseHeartBeatTask:[78] - MasterHeartBeatTask finished...
[WI-0][TI-0] - [WARN] 2026-06-08 22:51:36.910 +0800 c.g.d.c.m.BaseHeartBeatTask:[78] - MasterHeartBeatTask finished...
[WI-0][TI-0] - [ERROR] 2026-06-08 22:51:36.912 +0800 c.g.d.c.t.ThreadUtils:[80] - Current thread sleep error
java.lang.InterruptedException: sleep interrupted
	at java.lang.Thread.sleep(Native Method)
	at com.gyyun.ds.common.thread.ThreadUtils.sleep(ThreadUtils.java:77)
	at com.gyyun.ds.server.master.engine.TaskGroupCoordinator.doStart(TaskGroupCoordinator.java:106)
	at java.lang.Thread.run(Thread.java:750)
[WI-0][TI-0] - [WARN] 2026-06-08 22:51:36.925 +0800 c.g.d.s.m.e.t.d.WorkerGroupDispatcher:[187] - The WorkerGroupDispatcher: WorkerGroupTaskDispatcher-default doesn't started
[WI-0][TI-0] - [WARN] 2026-06-08 22:51:36.927 +0800 c.g.d.s.m.e.t.d.WorkerGroupDispatcher:[187] - The WorkerGroupDispatcher: WorkerGroupTaskDispatcher-default doesn't started
[WI-0][TI-0] - [WARN] 2026-06-08 22:51:36.928 +0800 o.s.b.f.s.DisposableBeanAdapter:[253] - Invocation of close method failed on bean with name 'workflowEngine': org.springframework.beans.factory.BeanCreationNotAllowedException: Error creating bean with name 'workflowEventBusFireWorkers': Singleton bean creation not allowed while singletons of this factory are in destruction (Do not request a bean from a BeanFactory in a destroy method implementation!)
[WI-0][TI-0] - [WARN] 2026-06-08 22:51:36.928 +0800 o.s.b.f.s.DisposableBeanAdapter:[253] - Invocation of close method failed on bean with name 'workflowEventBusCoordinator': org.springframework.beans.factory.BeanCreationNotAllowedException: Error creating bean with name 'workflowEventBusFireWorkers': Singleton bean creation not allowed while singletons of this factory are in destruction (Do not request a bean from a BeanFactory in a destroy method implementation!)
[WI-0][TI-0] - [WARN] 2026-06-08 22:51:36.928 +0800 c.g.d.s.m.e.t.d.WorkerGroupDispatcher:[187] - The WorkerGroupDispatcher: WorkerGroupTaskDispatcher-default doesn't started
[WI-0][TI-0] - [WARN] 2026-06-08 22:51:36.929 +0800 c.g.d.c.m.BaseHeartBeatTask:[78] - MasterHeartBeatTask finished...
[WI-0][TI-0] - [WARN] 2026-06-08 22:51:36.929 +0800 c.g.d.c.m.BaseHeartBeatTask:[78] - MasterHeartBeatTask finished...
[WI-0][TI-0] - [WARN] 2026-06-08 22:51:36.929 +0800 c.g.d.s.m.e.TaskGroupCoordinator:[453] - TaskGroupCoordinator is already closed
[WI-0][TI-0] - [WARN] 2026-06-08 22:51:36.929 +0800 c.g.d.s.m.e.TaskGroupCoordinator:[453] - TaskGroupCoordinator is already closed
[WI-0][TI-0] - [WARN] 2026-06-08 22:51:39.072 +0800 c.g.d.p.t.a.TaskPluginManager:[44] - The task plugin has already been loaded
[WI-0][TI-0] - [WARN] 2026-06-08 22:51:54.627 +0800 c.g.d.c.m.BaseHeartBeatTask:[78] - MasterHeartBeatTask finished...
[WI-0][TI-0] - [WARN] 2026-06-08 22:51:54.628 +0800 c.g.d.c.m.BaseHeartBeatTask:[78] - MasterHeartBeatTask finished...
[WI-0][TI-0] - [ERROR] 2026-06-08 22:51:54.629 +0800 c.g.d.c.t.ThreadUtils:[80] - Current thread sleep error
java.lang.InterruptedException: sleep interrupted
	at java.lang.Thread.sleep(Native Method)
	at com.gyyun.ds.common.thread.ThreadUtils.sleep(ThreadUtils.java:77)
	at com.gyyun.ds.server.master.engine.TaskGroupCoordinator.doStart(TaskGroupCoordinator.java:106)
	at java.lang.Thread.run(Thread.java:750)
[WI-0][TI-0] - [WARN] 2026-06-08 22:51:54.639 +0800 c.g.d.s.m.e.t.d.WorkerGroupDispatcher:[187] - The WorkerGroupDispatcher: WorkerGroupTaskDispatcher-default doesn't started
[WI-0][TI-0] - [WARN] 2026-06-08 22:51:54.640 +0800 c.g.d.s.m.e.t.d.WorkerGroupDispatcher:[187] - The WorkerGroupDispatcher: WorkerGroupTaskDispatcher-default doesn't started
[WI-0][TI-0] - [WARN] 2026-06-08 22:51:54.640 +0800 o.s.b.f.s.DisposableBeanAdapter:[253] - Invocation of close method failed on bean with name 'workflowEngine': org.springframework.beans.factory.BeanCreationNotAllowedException: Error creating bean with name 'workflowEventBusFireWorkers': Singleton bean creation not allowed while singletons of this factory are in destruction (Do not request a bean from a BeanFactory in a destroy method implementation!)
[WI-0][TI-0] - [WARN] 2026-06-08 22:51:54.641 +0800 o.s.b.f.s.DisposableBeanAdapter:[253] - Invocation of close method failed on bean with name 'workflowEventBusCoordinator': org.springframework.beans.factory.BeanCreationNotAllowedException: Error creating bean with name 'workflowEventBusFireWorkers': Singleton bean creation not allowed while singletons of this factory are in destruction (Do not request a bean from a BeanFactory in a destroy method implementation!)
[WI-0][TI-0] - [WARN] 2026-06-08 22:51:54.641 +0800 c.g.d.s.m.e.t.d.WorkerGroupDispatcher:[187] - The WorkerGroupDispatcher: WorkerGroupTaskDispatcher-default doesn't started
[WI-0][TI-0] - [WARN] 2026-06-08 22:51:54.641 +0800 c.g.d.c.m.BaseHeartBeatTask:[78] - MasterHeartBeatTask finished...
[WI-0][TI-0] - [WARN] 2026-06-08 22:51:54.641 +0800 c.g.d.c.m.BaseHeartBeatTask:[78] - MasterHeartBeatTask finished...
[WI-0][TI-0] - [WARN] 2026-06-08 22:51:54.641 +0800 c.g.d.s.m.e.TaskGroupCoordinator:[453] - TaskGroupCoordinator is already closed
[WI-0][TI-0] - [WARN] 2026-06-08 22:51:54.641 +0800 c.g.d.s.m.e.TaskGroupCoordinator:[453] - TaskGroupCoordinator is already closed
[WI-0][TI-0] - [WARN] 2026-06-08 22:51:56.734 +0800 c.g.d.p.t.a.TaskPluginManager:[44] - The task plugin has already been loaded
[WI-0][TI-0] - [WARN] 2026-06-08 22:52:07.293 +0800 c.g.d.c.m.BaseHeartBeatTask:[78] - MasterHeartBeatTask finished...
[WI-0][TI-0] - [WARN] 2026-06-08 22:52:07.295 +0800 c.g.d.c.m.BaseHeartBeatTask:[78] - MasterHeartBeatTask finished...
[WI-0][TI-0] - [ERROR] 2026-06-08 22:52:07.297 +0800 c.g.d.c.t.ThreadUtils:[80] - Current thread sleep error
java.lang.InterruptedException: sleep interrupted
	at java.lang.Thread.sleep(Native Method)
	at com.gyyun.ds.common.thread.ThreadUtils.sleep(ThreadUtils.java:77)
	at com.gyyun.ds.server.master.engine.TaskGroupCoordinator.doStart(TaskGroupCoordinator.java:106)
	at java.lang.Thread.run(Thread.java:750)
[WI-0][TI-0] - [WARN] 2026-06-08 22:52:07.313 +0800 c.g.d.s.m.e.t.d.WorkerGroupDispatcher:[187] - The WorkerGroupDispatcher: WorkerGroupTaskDispatcher-default doesn't started
[WI-0][TI-0] - [WARN] 2026-06-08 22:52:07.314 +0800 c.g.d.s.m.e.t.d.WorkerGroupDispatcher:[187] - The WorkerGroupDispatcher: WorkerGroupTaskDispatcher-default doesn't started
[WI-0][TI-0] - [WARN] 2026-06-08 22:52:07.314 +0800 o.s.b.f.s.DisposableBeanAdapter:[253] - Invocation of close method failed on bean with name 'workflowEngine': org.springframework.beans.factory.BeanCreationNotAllowedException: Error creating bean with name 'workflowEventBusFireWorkers': Singleton bean creation not allowed while singletons of this factory are in destruction (Do not request a bean from a BeanFactory in a destroy method implementation!)
[WI-0][TI-0] - [WARN] 2026-06-08 22:52:07.315 +0800 o.s.b.f.s.DisposableBeanAdapter:[253] - Invocation of close method failed on bean with name 'workflowEventBusCoordinator': org.springframework.beans.factory.BeanCreationNotAllowedException: Error creating bean with name 'workflowEventBusFireWorkers': Singleton bean creation not allowed while singletons of this factory are in destruction (Do not request a bean from a BeanFactory in a destroy method implementation!)
[WI-0][TI-0] - [WARN] 2026-06-08 22:52:07.315 +0800 c.g.d.s.m.e.t.d.WorkerGroupDispatcher:[187] - The WorkerGroupDispatcher: WorkerGroupTaskDispatcher-default doesn't started
[WI-0][TI-0] - [WARN] 2026-06-08 22:52:07.315 +0800 c.g.d.c.m.BaseHeartBeatTask:[78] - MasterHeartBeatTask finished...
[WI-0][TI-0] - [WARN] 2026-06-08 22:52:07.315 +0800 c.g.d.c.m.BaseHeartBeatTask:[78] - MasterHeartBeatTask finished...
[WI-0][TI-0] - [WARN] 2026-06-08 22:52:07.316 +0800 c.g.d.s.m.e.TaskGroupCoordinator:[453] - TaskGroupCoordinator is already closed
[WI-0][TI-0] - [WARN] 2026-06-08 22:52:07.316 +0800 c.g.d.s.m.e.TaskGroupCoordinator:[453] - TaskGroupCoordinator is already closed
[WI-0][TI-0] - [WARN] 2026-06-08 22:52:09.405 +0800 c.g.d.p.t.a.TaskPluginManager:[44] - The task plugin has already been loaded
[WI-0][TI-0] - [WARN] 2026-06-08 22:52:15.330 +0800 c.g.d.c.m.BaseHeartBeatTask:[78] - MasterHeartBeatTask finished...
[WI-0][TI-0] - [WARN] 2026-06-08 22:52:15.332 +0800 c.g.d.c.m.BaseHeartBeatTask:[78] - MasterHeartBeatTask finished...
[WI-0][TI-0] - [ERROR] 2026-06-08 22:52:15.333 +0800 c.g.d.c.t.ThreadUtils:[80] - Current thread sleep error
java.lang.InterruptedException: sleep interrupted
	at java.lang.Thread.sleep(Native Method)
	at com.gyyun.ds.common.thread.ThreadUtils.sleep(ThreadUtils.java:77)
	at com.gyyun.ds.server.master.engine.TaskGroupCoordinator.doStart(TaskGroupCoordinator.java:106)
	at java.lang.Thread.run(Thread.java:750)
[WI-0][TI-0] - [WARN] 2026-06-08 22:52:15.347 +0800 c.g.d.s.m.e.t.d.WorkerGroupDispatcher:[187] - The WorkerGroupDispatcher: WorkerGroupTaskDispatcher-default doesn't started
[WI-0][TI-0] - [WARN] 2026-06-08 22:52:15.348 +0800 c.g.d.s.m.e.t.d.WorkerGroupDispatcher:[187] - The WorkerGroupDispatcher: WorkerGroupTaskDispatcher-default doesn't started
[WI-0][TI-0] - [WARN] 2026-06-08 22:52:15.349 +0800 o.s.b.f.s.DisposableBeanAdapter:[253] - Invocation of close method failed on bean with name 'workflowEngine': org.springframework.beans.factory.BeanCreationNotAllowedException: Error creating bean with name 'workflowEventBusFireWorkers': Singleton bean creation not allowed while singletons of this factory are in destruction (Do not request a bean from a BeanFactory in a destroy method implementation!)
[WI-0][TI-0] - [WARN] 2026-06-08 22:52:15.349 +0800 o.s.b.f.s.DisposableBeanAdapter:[253] - Invocation of close method failed on bean with name 'workflowEventBusCoordinator': org.springframework.beans.factory.BeanCreationNotAllowedException: Error creating bean with name 'workflowEventBusFireWorkers': Singleton bean creation not allowed while singletons of this factory are in destruction (Do not request a bean from a BeanFactory in a destroy method implementation!)
[WI-0][TI-0] - [WARN] 2026-06-08 22:52:15.350 +0800 c.g.d.s.m.e.t.d.WorkerGroupDispatcher:[187] - The WorkerGroupDispatcher: WorkerGroupTaskDispatcher-default doesn't started
[WI-0][TI-0] - [WARN] 2026-06-08 22:52:15.350 +0800 c.g.d.c.m.BaseHeartBeatTask:[78] - MasterHeartBeatTask finished...
[WI-0][TI-0] - [WARN] 2026-06-08 22:52:15.350 +0800 c.g.d.c.m.BaseHeartBeatTask:[78] - MasterHeartBeatTask finished...
[WI-0][TI-0] - [WARN] 2026-06-08 22:52:15.350 +0800 c.g.d.s.m.e.TaskGroupCoordinator:[453] - TaskGroupCoordinator is already closed
[WI-0][TI-0] - [WARN] 2026-06-08 22:52:15.350 +0800 c.g.d.s.m.e.TaskGroupCoordinator:[453] - TaskGroupCoordinator is already closed
[WI-0][TI-0] - [WARN] 2026-06-08 22:52:15.752 +0800 c.g.d.c.m.BaseHeartBeatTask:[78] - MasterHeartBeatTask finished...
[WI-0][TI-0] - [WARN] 2026-06-08 22:52:15.753 +0800 c.g.d.c.m.BaseHeartBeatTask:[78] - MasterHeartBeatTask finished...
[WI-0][TI-0] - [ERROR] 2026-06-08 22:52:15.753 +0800 c.g.d.c.t.ThreadUtils:[80] - Current thread sleep error
java.lang.InterruptedException: sleep interrupted
	at java.lang.Thread.sleep(Native Method)
	at com.gyyun.ds.common.thread.ThreadUtils.sleep(ThreadUtils.java:77)
	at com.gyyun.ds.server.master.engine.TaskGroupCoordinator.doStart(TaskGroupCoordinator.java:123)
	at java.lang.Thread.run(Thread.java:750)
[WI-0][TI-0] - [WARN] 2026-06-08 22:52:15.762 +0800 c.g.d.s.m.e.t.d.WorkerGroupDispatcher:[187] - The WorkerGroupDispatcher: WorkerGroupTaskDispatcher-default doesn't started
[WI-0][TI-0] - [WARN] 2026-06-08 22:52:15.763 +0800 c.g.d.s.m.e.t.d.WorkerGroupDispatcher:[187] - The WorkerGroupDispatcher: WorkerGroupTaskDispatcher-default doesn't started
[WI-0][TI-0] - [WARN] 2026-06-08 22:52:15.764 +0800 o.s.b.f.s.DisposableBeanAdapter:[253] - Invocation of close method failed on bean with name 'workflowEngine': org.springframework.beans.factory.BeanCreationNotAllowedException: Error creating bean with name 'workflowEventBusFireWorkers': Singleton bean creation not allowed while singletons of this factory are in destruction (Do not request a bean from a BeanFactory in a destroy method implementation!)
[WI-0][TI-0] - [WARN] 2026-06-08 22:52:15.764 +0800 o.s.b.f.s.DisposableBeanAdapter:[253] - Invocation of close method failed on bean with name 'workflowEventBusCoordinator': org.springframework.beans.factory.BeanCreationNotAllowedException: Error creating bean with name 'workflowEventBusFireWorkers': Singleton bean creation not allowed while singletons of this factory are in destruction (Do not request a bean from a BeanFactory in a destroy method implementation!)
[WI-0][TI-0] - [WARN] 2026-06-08 22:52:15.765 +0800 c.g.d.s.m.e.t.d.WorkerGroupDispatcher:[187] - The WorkerGroupDispatcher: WorkerGroupTaskDispatcher-default doesn't started
[WI-0][TI-0] - [WARN] 2026-06-08 22:52:15.765 +0800 c.g.d.c.m.BaseHeartBeatTask:[78] - MasterHeartBeatTask finished...
[WI-0][TI-0] - [WARN] 2026-06-08 22:52:15.765 +0800 c.g.d.c.m.BaseHeartBeatTask:[78] - MasterHeartBeatTask finished...
[WI-0][TI-0] - [WARN] 2026-06-08 22:52:15.766 +0800 c.g.d.s.m.e.TaskGroupCoordinator:[453] - TaskGroupCoordinator is already closed
[WI-0][TI-0] - [WARN] 2026-06-08 22:52:15.766 +0800 c.g.d.s.m.e.TaskGroupCoordinator:[453] - TaskGroupCoordinator is already closed
[WI-0][TI-0] - [WARN] 2026-06-08 22:52:17.853 +0800 c.g.d.p.t.a.TaskPluginManager:[44] - The task plugin has already been loaded
[WI-0][TI-0] - [WARN] 2026-06-08 22:53:53.427 +0800 c.g.d.c.m.BaseHeartBeatTask:[78] - MasterHeartBeatTask finished...
[WI-0][TI-0] - [WARN] 2026-06-08 22:53:53.428 +0800 c.g.d.c.m.BaseHeartBeatTask:[78] - MasterHeartBeatTask finished...
[WI-0][TI-0] - [ERROR] 2026-06-08 22:53:53.432 +0800 c.g.d.c.t.ThreadUtils:[80] - Current thread sleep error
java.lang.InterruptedException: sleep interrupted
	at java.lang.Thread.sleep(Native Method)
	at com.gyyun.ds.common.thread.ThreadUtils.sleep(ThreadUtils.java:77)
	at com.gyyun.ds.server.master.engine.TaskGroupCoordinator.doStart(TaskGroupCoordinator.java:123)
	at java.lang.Thread.run(Thread.java:750)
[WI-0][TI-0] - [WARN] 2026-06-08 22:53:53.452 +0800 c.g.d.s.m.c.AbstractClusterSubscribeListener:[45] - Server MasterServerMetadata(super=BaseServerMetadata(processId=90256, serverStartupTime=1780929646625, address=10.37.129.2:40761, cpuUsage=0.3097622027534418, memoryUsage=0.40584683418273926, serverStatus=NORMAL)) removed
[WI-0][TI-0] - [WARN] 2026-06-08 22:53:53.456 +0800 c.g.d.s.m.c.MasterSlotManager:[75] - Do rebalance failed, cannot found the current master: 10.37.129.2:40761 in the normal master clusters: []. Please check the current master server status
[WI-0][TI-0] - [WARN] 2026-06-08 22:53:53.462 +0800 c.g.d.s.m.e.t.d.WorkerGroupDispatcher:[187] - The WorkerGroupDispatcher: WorkerGroupTaskDispatcher-default doesn't started
[WI-0][TI-0] - [WARN] 2026-06-08 22:53:53.464 +0800 c.g.d.s.m.e.t.d.WorkerGroupDispatcher:[187] - The WorkerGroupDispatcher: WorkerGroupTaskDispatcher-default doesn't started
[WI-0][TI-0] - [WARN] 2026-06-08 22:53:53.464 +0800 o.s.b.f.s.DisposableBeanAdapter:[253] - Invocation of close method failed on bean with name 'workflowEngine': org.springframework.beans.factory.BeanCreationNotAllowedException: Error creating bean with name 'workflowEventBusFireWorkers': Singleton bean creation not allowed while singletons of this factory are in destruction (Do not request a bean from a BeanFactory in a destroy method implementation!)
[WI-0][TI-0] - [WARN] 2026-06-08 22:53:53.464 +0800 o.s.b.f.s.DisposableBeanAdapter:[253] - Invocation of close method failed on bean with name 'workflowEventBusCoordinator': org.springframework.beans.factory.BeanCreationNotAllowedException: Error creating bean with name 'workflowEventBusFireWorkers': Singleton bean creation not allowed while singletons of this factory are in destruction (Do not request a bean from a BeanFactory in a destroy method implementation!)
[WI-0][TI-0] - [WARN] 2026-06-08 22:53:53.465 +0800 c.g.d.s.m.e.t.d.WorkerGroupDispatcher:[187] - The WorkerGroupDispatcher: WorkerGroupTaskDispatcher-default doesn't started
[WI-0][TI-0] - [WARN] 2026-06-08 22:53:53.465 +0800 c.g.d.c.m.BaseHeartBeatTask:[78] - MasterHeartBeatTask finished...
[WI-0][TI-0] - [WARN] 2026-06-08 22:53:53.465 +0800 c.g.d.c.m.BaseHeartBeatTask:[78] - MasterHeartBeatTask finished...
[WI-0][TI-0] - [WARN] 2026-06-08 22:53:53.465 +0800 c.g.d.s.m.e.TaskGroupCoordinator:[453] - TaskGroupCoordinator is already closed
[WI-0][TI-0] - [WARN] 2026-06-08 22:53:53.465 +0800 c.g.d.s.m.e.TaskGroupCoordinator:[453] - TaskGroupCoordinator is already closed
[WI-0][TI-0] - [WARN] 2026-06-08 22:53:55.556 +0800 c.g.d.p.t.a.TaskPluginManager:[44] - The task plugin has already been loaded
[WI-0][TI-0] - [ERROR] 2026-06-08 22:54:23.461 +0800 c.g.d.s.m.e.s.SystemEventBusFireWorker:[81] - Fire SystemEvent: MasterFailoverEvent{masterServerMetadata='MasterServerMetadata(super=BaseServerMetadata(processId=90256, serverStartupTime=1780929646625, address=10.37.129.2:40761, cpuUsage=0.3097622027534418, memoryUsage=0.40584683418273926, serverStatus=NORMAL))', eventTime=Mon Jun 08 22:53:53 CST 2026, delayTime=30000} failed
java.lang.IllegalStateException: The registry is not connected
	at com.gyyun.ds.registry.api.RegistryClient.getLock(RegistryClient.java:195)
	at com.gyyun.ds.server.master.failover.FailoverCoordinator.doMasterFailover(FailoverCoordinator.java:145)
	at com.gyyun.ds.server.master.failover.FailoverCoordinator.failoverMaster(FailoverCoordinator.java:122)
	at com.gyyun.ds.server.master.engine.system.event.MasterFailoverEventHandler.handle(MasterFailoverEventHandler.java:36)
	at com.gyyun.ds.server.master.engine.system.event.MasterFailoverEventHandler.handle(MasterFailoverEventHandler.java:27)
	at com.gyyun.ds.server.master.engine.system.SystemEventBusFireWorker.lambda$fireSystemEvent$1(SystemEventBusFireWorker.java:97)
	at java.util.ArrayList.forEach(ArrayList.java:1259)
	at com.gyyun.ds.server.master.engine.system.SystemEventBusFireWorker.fireSystemEvent(SystemEventBusFireWorker.java:97)
	at com.gyyun.ds.server.master.engine.system.SystemEventBusFireWorker.run(SystemEventBusFireWorker.java:77)
[WI-0][TI-0] - [ERROR] 2026-06-08 22:54:33.473 +0800 c.g.d.s.m.e.s.SystemEventBusFireWorker:[81] - Fire SystemEvent: MasterFailoverEvent{masterServerMetadata='MasterServerMetadata(super=BaseServerMetadata(processId=90256, serverStartupTime=1780929646625, address=10.37.129.2:40761, cpuUsage=0.3097622027534418, memoryUsage=0.40584683418273926, serverStatus=NORMAL))', eventTime=Mon Jun 08 22:53:53 CST 2026, delayTime=30000} failed
java.lang.IllegalStateException: The registry is not connected
	at com.gyyun.ds.registry.api.RegistryClient.getLock(RegistryClient.java:195)
	at com.gyyun.ds.server.master.failover.FailoverCoordinator.doMasterFailover(FailoverCoordinator.java:145)
	at com.gyyun.ds.server.master.failover.FailoverCoordinator.failoverMaster(FailoverCoordinator.java:122)
	at com.gyyun.ds.server.master.engine.system.event.MasterFailoverEventHandler.handle(MasterFailoverEventHandler.java:36)
	at com.gyyun.ds.server.master.engine.system.event.MasterFailoverEventHandler.handle(MasterFailoverEventHandler.java:27)
	at com.gyyun.ds.server.master.engine.system.SystemEventBusFireWorker.lambda$fireSystemEvent$1(SystemEventBusFireWorker.java:97)
	at java.util.ArrayList.forEach(ArrayList.java:1259)
	at com.gyyun.ds.server.master.engine.system.SystemEventBusFireWorker.fireSystemEvent(SystemEventBusFireWorker.java:97)
	at com.gyyun.ds.server.master.engine.system.SystemEventBusFireWorker.run(SystemEventBusFireWorker.java:77)
[WI-0][TI-0] - [ERROR] 2026-06-08 22:54:43.477 +0800 c.g.d.s.m.e.s.SystemEventBusFireWorker:[81] - Fire SystemEvent: MasterFailoverEvent{masterServerMetadata='MasterServerMetadata(super=BaseServerMetadata(processId=90256, serverStartupTime=1780929646625, address=10.37.129.2:40761, cpuUsage=0.3097622027534418, memoryUsage=0.40584683418273926, serverStatus=NORMAL))', eventTime=Mon Jun 08 22:53:53 CST 2026, delayTime=30000} failed
java.lang.IllegalStateException: The registry is not connected
	at com.gyyun.ds.registry.api.RegistryClient.getLock(RegistryClient.java:195)
	at com.gyyun.ds.server.master.failover.FailoverCoordinator.doMasterFailover(FailoverCoordinator.java:145)
	at com.gyyun.ds.server.master.failover.FailoverCoordinator.failoverMaster(FailoverCoordinator.java:122)
	at com.gyyun.ds.server.master.engine.system.event.MasterFailoverEventHandler.handle(MasterFailoverEventHandler.java:36)
	at com.gyyun.ds.server.master.engine.system.event.MasterFailoverEventHandler.handle(MasterFailoverEventHandler.java:27)
	at com.gyyun.ds.server.master.engine.system.SystemEventBusFireWorker.lambda$fireSystemEvent$1(SystemEventBusFireWorker.java:97)
	at java.util.ArrayList.forEach(ArrayList.java:1259)
	at com.gyyun.ds.server.master.engine.system.SystemEventBusFireWorker.fireSystemEvent(SystemEventBusFireWorker.java:97)
	at com.gyyun.ds.server.master.engine.system.SystemEventBusFireWorker.run(SystemEventBusFireWorker.java:77)
[WI-0][TI-0] - [ERROR] 2026-06-08 22:54:53.482 +0800 c.g.d.s.m.e.s.SystemEventBusFireWorker:[81] - Fire SystemEvent: MasterFailoverEvent{masterServerMetadata='MasterServerMetadata(super=BaseServerMetadata(processId=90256, serverStartupTime=1780929646625, address=10.37.129.2:40761, cpuUsage=0.3097622027534418, memoryUsage=0.40584683418273926, serverStatus=NORMAL))', eventTime=Mon Jun 08 22:53:53 CST 2026, delayTime=30000} failed
java.lang.IllegalStateException: The registry is not connected
	at com.gyyun.ds.registry.api.RegistryClient.getLock(RegistryClient.java:195)
	at com.gyyun.ds.server.master.failover.FailoverCoordinator.doMasterFailover(FailoverCoordinator.java:145)
	at com.gyyun.ds.server.master.failover.FailoverCoordinator.failoverMaster(FailoverCoordinator.java:122)
	at com.gyyun.ds.server.master.engine.system.event.MasterFailoverEventHandler.handle(MasterFailoverEventHandler.java:36)
	at com.gyyun.ds.server.master.engine.system.event.MasterFailoverEventHandler.handle(MasterFailoverEventHandler.java:27)
	at com.gyyun.ds.server.master.engine.system.SystemEventBusFireWorker.lambda$fireSystemEvent$1(SystemEventBusFireWorker.java:97)
	at java.util.ArrayList.forEach(ArrayList.java:1259)
	at com.gyyun.ds.server.master.engine.system.SystemEventBusFireWorker.fireSystemEvent(SystemEventBusFireWorker.java:97)
	at com.gyyun.ds.server.master.engine.system.SystemEventBusFireWorker.run(SystemEventBusFireWorker.java:77)
[WI-1][TI-0] - [WARN] 2026-06-08 22:54:57.860 +0800 c.g.d.s.m.e.t.l.h.TaskTimeoutLifecycleEventHandler:[91] - The task dep_task_with_timeout_warnfailed TimeoutStrategy is invalided.
[WI-0][TI-0] - [ERROR] 2026-06-08 22:55:03.486 +0800 c.g.d.s.m.e.s.SystemEventBusFireWorker:[81] - Fire SystemEvent: MasterFailoverEvent{masterServerMetadata='MasterServerMetadata(super=BaseServerMetadata(processId=90256, serverStartupTime=1780929646625, address=10.37.129.2:40761, cpuUsage=0.3097622027534418, memoryUsage=0.40584683418273926, serverStatus=NORMAL))', eventTime=Mon Jun 08 22:53:53 CST 2026, delayTime=30000} failed
java.lang.IllegalStateException: The registry is not connected
	at com.gyyun.ds.registry.api.RegistryClient.getLock(RegistryClient.java:195)
	at com.gyyun.ds.server.master.failover.FailoverCoordinator.doMasterFailover(FailoverCoordinator.java:145)
	at com.gyyun.ds.server.master.failover.FailoverCoordinator.failoverMaster(FailoverCoordinator.java:122)
	at com.gyyun.ds.server.master.engine.system.event.MasterFailoverEventHandler.handle(MasterFailoverEventHandler.java:36)
	at com.gyyun.ds.server.master.engine.system.event.MasterFailoverEventHandler.handle(MasterFailoverEventHandler.java:27)
	at com.gyyun.ds.server.master.engine.system.SystemEventBusFireWorker.lambda$fireSystemEvent$1(SystemEventBusFireWorker.java:97)
	at java.util.ArrayList.forEach(ArrayList.java:1259)
	at com.gyyun.ds.server.master.engine.system.SystemEventBusFireWorker.fireSystemEvent(SystemEventBusFireWorker.java:97)
	at com.gyyun.ds.server.master.engine.system.SystemEventBusFireWorker.run(SystemEventBusFireWorker.java:77)
[WI-0][TI-0] - [WARN] 2026-06-08 22:55:11.155 +0800 c.g.d.c.m.BaseHeartBeatTask:[78] - MasterHeartBeatTask finished...
[WI-0][TI-0] - [WARN] 2026-06-08 22:55:11.156 +0800 c.g.d.c.m.BaseHeartBeatTask:[78] - MasterHeartBeatTask finished...
[WI-0][TI-0] - [ERROR] 2026-06-08 22:55:11.157 +0800 c.g.d.c.t.ThreadUtils:[80] - Current thread sleep error
java.lang.InterruptedException: sleep interrupted
	at java.lang.Thread.sleep(Native Method)
	at com.gyyun.ds.common.thread.ThreadUtils.sleep(ThreadUtils.java:77)
	at com.gyyun.ds.server.master.engine.TaskGroupCoordinator.doStart(TaskGroupCoordinator.java:123)
	at java.lang.Thread.run(Thread.java:750)
[WI-0][TI-0] - [WARN] 2026-06-08 22:55:11.165 +0800 c.g.d.s.m.e.t.d.WorkerGroupDispatcher:[187] - The WorkerGroupDispatcher: WorkerGroupTaskDispatcher-default doesn't started
[WI-0][TI-0] - [WARN] 2026-06-08 22:55:11.167 +0800 c.g.d.s.m.e.t.d.WorkerGroupDispatcher:[187] - The WorkerGroupDispatcher: WorkerGroupTaskDispatcher-default doesn't started
[WI-0][TI-0] - [WARN] 2026-06-08 22:55:11.167 +0800 o.s.b.f.s.DisposableBeanAdapter:[253] - Invocation of close method failed on bean with name 'workflowEngine': org.springframework.beans.factory.BeanCreationNotAllowedException: Error creating bean with name 'workflowEventBusFireWorkers': Singleton bean creation not allowed while singletons of this factory are in destruction (Do not request a bean from a BeanFactory in a destroy method implementation!)
[WI-0][TI-0] - [WARN] 2026-06-08 22:55:11.168 +0800 o.s.b.f.s.DisposableBeanAdapter:[253] - Invocation of close method failed on bean with name 'workflowEventBusCoordinator': org.springframework.beans.factory.BeanCreationNotAllowedException: Error creating bean with name 'workflowEventBusFireWorkers': Singleton bean creation not allowed while singletons of this factory are in destruction (Do not request a bean from a BeanFactory in a destroy method implementation!)
[WI-0][TI-0] - [WARN] 2026-06-08 22:55:11.168 +0800 c.g.d.s.m.e.t.d.WorkerGroupDispatcher:[187] - The WorkerGroupDispatcher: WorkerGroupTaskDispatcher-default doesn't started
[WI-0][TI-0] - [WARN] 2026-06-08 22:55:11.168 +0800 c.g.d.c.m.BaseHeartBeatTask:[78] - MasterHeartBeatTask finished...
[WI-0][TI-0] - [WARN] 2026-06-08 22:55:11.168 +0800 c.g.d.c.m.BaseHeartBeatTask:[78] - MasterHeartBeatTask finished...
[WI-0][TI-0] - [WARN] 2026-06-08 22:55:11.169 +0800 c.g.d.s.m.e.TaskGroupCoordinator:[453] - TaskGroupCoordinator is already closed
[WI-0][TI-0] - [WARN] 2026-06-08 22:55:11.169 +0800 c.g.d.s.m.e.TaskGroupCoordinator:[453] - TaskGroupCoordinator is already closed
[WI-0][TI-0] - [WARN] 2026-06-08 22:55:13.329 +0800 c.g.d.p.t.a.TaskPluginManager:[44] - The task plugin has already been loaded
[WI-0][TI-0] - [WARN] 2026-06-08 22:56:18.912 +0800 c.g.d.c.m.BaseHeartBeatTask:[78] - MasterHeartBeatTask finished...
[WI-0][TI-0] - [WARN] 2026-06-08 22:56:18.913 +0800 c.g.d.c.m.BaseHeartBeatTask:[78] - MasterHeartBeatTask finished...
[WI-0][TI-0] - [ERROR] 2026-06-08 22:56:18.914 +0800 c.g.d.c.t.ThreadUtils:[80] - Current thread sleep error
java.lang.InterruptedException: sleep interrupted
	at java.lang.Thread.sleep(Native Method)
	at com.gyyun.ds.common.thread.ThreadUtils.sleep(ThreadUtils.java:77)
	at com.gyyun.ds.server.master.engine.TaskGroupCoordinator.doStart(TaskGroupCoordinator.java:123)
	at java.lang.Thread.run(Thread.java:750)
[WI-0][TI-0] - [WARN] 2026-06-08 22:56:18.926 +0800 c.g.d.s.m.e.t.d.WorkerGroupDispatcher:[187] - The WorkerGroupDispatcher: WorkerGroupTaskDispatcher-default doesn't started
[WI-0][TI-0] - [WARN] 2026-06-08 22:56:18.927 +0800 c.g.d.s.m.e.t.d.WorkerGroupDispatcher:[187] - The WorkerGroupDispatcher: WorkerGroupTaskDispatcher-default doesn't started
[WI-0][TI-0] - [WARN] 2026-06-08 22:56:18.928 +0800 o.s.b.f.s.DisposableBeanAdapter:[253] - Invocation of close method failed on bean with name 'workflowEngine': org.springframework.beans.factory.BeanCreationNotAllowedException: Error creating bean with name 'workflowEventBusFireWorkers': Singleton bean creation not allowed while singletons of this factory are in destruction (Do not request a bean from a BeanFactory in a destroy method implementation!)
[WI-0][TI-0] - [WARN] 2026-06-08 22:56:18.928 +0800 o.s.b.f.s.DisposableBeanAdapter:[253] - Invocation of close method failed on bean with name 'workflowEventBusCoordinator': org.springframework.beans.factory.BeanCreationNotAllowedException: Error creating bean with name 'workflowEventBusFireWorkers': Singleton bean creation not allowed while singletons of this factory are in destruction (Do not request a bean from a BeanFactory in a destroy method implementation!)
[WI-0][TI-0] - [WARN] 2026-06-08 22:56:18.928 +0800 c.g.d.s.m.e.t.d.WorkerGroupDispatcher:[187] - The WorkerGroupDispatcher: WorkerGroupTaskDispatcher-default doesn't started
[WI-0][TI-0] - [WARN] 2026-06-08 22:56:18.928 +0800 c.g.d.c.m.BaseHeartBeatTask:[78] - MasterHeartBeatTask finished...
[WI-0][TI-0] - [WARN] 2026-06-08 22:56:18.928 +0800 c.g.d.c.m.BaseHeartBeatTask:[78] - MasterHeartBeatTask finished...
[WI-0][TI-0] - [WARN] 2026-06-08 22:56:18.929 +0800 c.g.d.s.m.e.TaskGroupCoordinator:[453] - TaskGroupCoordinator is already closed
[WI-0][TI-0] - [WARN] 2026-06-08 22:56:18.929 +0800 c.g.d.s.m.e.TaskGroupCoordinator:[453] - TaskGroupCoordinator is already closed
[WI-0][TI-0] - [WARN] 2026-06-08 22:56:21.051 +0800 c.g.d.p.t.a.TaskPluginManager:[44] - The task plugin has already been loaded
[WI-0][TI-0] - [WARN] 2026-06-08 22:57:36.571 +0800 c.g.d.c.m.BaseHeartBeatTask:[78] - MasterHeartBeatTask finished...
[WI-0][TI-0] - [WARN] 2026-06-08 22:57:36.574 +0800 c.g.d.c.m.BaseHeartBeatTask:[78] - MasterHeartBeatTask finished...
[WI-0][TI-0] - [ERROR] 2026-06-08 22:57:36.575 +0800 c.g.d.c.t.ThreadUtils:[80] - Current thread sleep error
java.lang.InterruptedException: sleep interrupted
	at java.lang.Thread.sleep(Native Method)
	at com.gyyun.ds.common.thread.ThreadUtils.sleep(ThreadUtils.java:77)
	at com.gyyun.ds.server.master.engine.TaskGroupCoordinator.doStart(TaskGroupCoordinator.java:123)
	at java.lang.Thread.run(Thread.java:750)
[WI-0][TI-0] - [WARN] 2026-06-08 22:57:36.591 +0800 c.g.d.s.m.e.t.d.WorkerGroupDispatcher:[187] - The WorkerGroupDispatcher: WorkerGroupTaskDispatcher-default doesn't started
[WI-0][TI-0] - [WARN] 2026-06-08 22:57:36.592 +0800 c.g.d.s.m.e.t.d.WorkerGroupDispatcher:[187] - The WorkerGroupDispatcher: WorkerGroupTaskDispatcher-default doesn't started
[WI-0][TI-0] - [WARN] 2026-06-08 22:57:36.592 +0800 o.s.b.f.s.DisposableBeanAdapter:[253] - Invocation of close method failed on bean with name 'workflowEngine': org.springframework.beans.factory.BeanCreationNotAllowedException: Error creating bean with name 'workflowEventBusFireWorkers': Singleton bean creation not allowed while singletons of this factory are in destruction (Do not request a bean from a BeanFactory in a destroy method implementation!)
[WI-0][TI-0] - [WARN] 2026-06-08 22:57:36.592 +0800 o.s.b.f.s.DisposableBeanAdapter:[253] - Invocation of close method failed on bean with name 'workflowEventBusCoordinator': org.springframework.beans.factory.BeanCreationNotAllowedException: Error creating bean with name 'workflowEventBusFireWorkers': Singleton bean creation not allowed while singletons of this factory are in destruction (Do not request a bean from a BeanFactory in a destroy method implementation!)
[WI-0][TI-0] - [WARN] 2026-06-08 22:57:36.593 +0800 c.g.d.s.m.e.t.d.WorkerGroupDispatcher:[187] - The WorkerGroupDispatcher: WorkerGroupTaskDispatcher-default doesn't started
[WI-0][TI-0] - [WARN] 2026-06-08 22:57:36.593 +0800 c.g.d.c.m.BaseHeartBeatTask:[78] - MasterHeartBeatTask finished...
[WI-0][TI-0] - [WARN] 2026-06-08 22:57:36.593 +0800 c.g.d.c.m.BaseHeartBeatTask:[78] - MasterHeartBeatTask finished...
[WI-0][TI-0] - [WARN] 2026-06-08 22:57:36.593 +0800 c.g.d.s.m.e.TaskGroupCoordinator:[453] - TaskGroupCoordinator is already closed
[WI-0][TI-0] - [WARN] 2026-06-08 22:57:36.593 +0800 c.g.d.s.m.e.TaskGroupCoordinator:[453] - TaskGroupCoordinator is already closed
